replicate,mean_boundary,w_a,w_d,r_a,r_d,kappa,w_M
0,0.06584746031274431,0.04957270129743866,0.9658774902131688,0.17161109376569902,1.15422138528892,2.3622780081717596,1.399621324108107
1,0.06680702619814048,0.05202492389153294,0.8679137818560327,0.1832783766859648,1.1601972015601358,2.4740942020212815,1.3572898912388223
2,0.06376424497031069,0.05730243636932549,0.9674688599633889,0.17227988910426703,1.1531128921480849,2.81284558254082,1.2357799847806676
3,0.06406911682662574,0.05524856112338497,0.976853854869745,0.17479056648208596,1.1318390616630793,2.8092946342986345,1.2396821326537246
4,0.06496430778355453,0.05509359459567066,0.9011816278331607,0.1716096895236393,1.1689082905919217,2.802618592566881,1.387678631878234
5,0.0635805173408913,0.057943857269978555,0.9758570189832311,0.1773837215252506,1.0461334738007952,2.4337141245238185,1.4404922029707405
6,0.06607637624291379,0.055093456741987526,0.8783013227051073,0.18247919620749087,1.0107769185578002,2.568014842299623,1.2498194524256665
7,0.0655073952379654,0.05126201629042383,0.9220858191817396,0.19793032960410264,0.9917931412132086,2.7348426174391935,1.4199058055800091
8,0.06451083158045019,0.053813896711998536,0.9769611618555049,0.1743032198397803,1.128772065546995,2.77158030421405,1.2171020659553728
9,0.06675596866394765,0.053580942003247,0.826068148076561,0.17364178321762197,1.0835652430702918,2.7896513308199826,1.3070971782213314
10,0.0667618504432551,0.05274407834626194,0.8188245998448491,0.19550086321480548,1.144292534384918,2.7953396056309883,1.4145457390124887
11,0.06430568672088871,0.055857894298605,0.9187489080376372,0.16206047136396273,1.1664492823808947,2.795732766668458,1.4725364910197467
12,0.06635565444489826,0.05156053698225088,0.871151582413797,0.1820323642787628,1.0974174282749958,2.7694877815650125,1.3652783242730238
13,0.06789633367188927,0.05019073966215817,0.8195065352337165,0.17306775099477179,1.0841365528600155,2.563596483313032,1.3458158724439229
14,0.0666139337320477,0.051872744382389764,0.8553301686489646,0.1659608364294426,1.1253638498749723,2.8070423686290016,1.31674954072406
15,0.06415435438406686,0.05855270056840333,0.9210692061332129,0.1921499783119846,1.0027354701063975,2.6239586457970203,1.3864858346380795
16,0.06590217400725637,0.05336763528083685,0.8839364038944968,0.19228063442636795,1.0381921658657858,2.847012968970046,1.2520810528010704
17,0.0679714179952331,0.05155760108944331,0.8218115306852506,0.19168283879315698,1.0046142916895693,2.3620037449010804,1.309131656516538
18,0.06534942408525699,0.05050047580637742,0.9766738924062023,0.17062214425017116,1.0678406037969113,2.377356200455112,1.4353526945536688
19,0.06590678828199428,0.05383027170689855,0.8564137469765316,0.18541027892937018,1.027201579049301,2.7905713436342596,1.4215008354947487
20,0.06507681406962017,0.05926493726895905,0.8805747511246633,0.18425823949524894,1.0393332076670179,2.3818422887838446,1.3771243071929744
21,0.06374581122635777,0.060394913525596,0.914184047155341,0.17818295108264273,1.0754874483766539,2.634280898148925,1.422879068434685
22,0.06594810951372215,0.060158197987689205,0.8145713715628791,0.17193003842285867,0.9992789737812546,2.5226416286100997,1.290308661727919
23,0.06733773907577767,0.053464173521510464,0.8285303825245971,0.16901452101058542,1.095114197237378,2.429769741538177,1.3058706486094573
24,0.06590562499278618,0.05869565139008426,0.8254669557324388,0.18387578920812483,1.02286640597635,2.4487133823744713,1.4103493862545229
25,0.06541908674551805,0.055417499835019327,0.8584139818129183,0.16497070799550545,1.120051212073766,2.8197323831917505,1.4441426216542643
26,0.06412324147112336,0.060445688975211964,0.9237811105460512,0.18290174528362474,0.9984525948948465,2.5349345902520652,1.2748556661450294
27,0.06391780656458157,0.05630116277595409,0.9420267311652376,0.16750334925253332,1.1866406131103833,2.7848472233079327,1.4428655317504326
28,0.06631351590539387,0.05258655861942753,0.8739630938233944,0.17875835706740942,1.169937323255292,2.58320676807202,1.3927162034482918
29,0.06690374200051692,0.054410303120403014,0.8242347963879008,0.17140182700996826,1.0746884821559142,2.7480439037639224,1.215864103244828
30,0.06552819878701432,0.058910009540407704,0.8439480130616941,0.18310993717360471,1.161027135087748,2.424163420600393,1.43554859431842
31,0.06416314264180181,0.056675827896782514,0.9228809993370598,0.16360451891163372,1.142648242802815,2.8170734523721856,1.4166232760108703
32,0.06360393985803847,0.058310369774051414,0.9756998864375603,0.1855071170116373,1.1915593977248693,2.418035997383406,1.4068836565996947
33,0.06614945251541371,0.05673042100276225,0.8240098947049637,0.16605258655400146,1.1252257472106235,2.795038234118648,1.277871259783986
34,0.06481158878243659,0.05036730371905996,0.9696405091113314,0.1883301146202582,1.0572380526069616,2.8042014584701493,1.4252550045915602
35,0.06564376440040126,0.06044718943286111,0.820016680167891,0.17848445568883228,1.0183462432222892,2.6470972980998075,1.2680204185890172
36,0.06528377756388454,0.050158134554026866,0.9491420032461,0.1698032328529936,1.015653043239561,2.815427538716635,1.3867147235706965
37,0.06422489960522927,0.059373096827710484,0.9104072310485557,0.19193346372729936,1.1623833104217731,2.4517573117959364,1.4625301056097821
38,0.06700843643842996,0.05297773519211614,0.8151726588438113,0.18269828527520357,1.1251959175311952,2.5735117502531852,1.465892371424164
39,0.06455247922086829,0.057017548162670295,0.9584655444422416,0.19170136335862045,1.1348302274051691,2.428428646533502,1.2533780750659087
40,0.0667024432593708,0.05573163256869045,0.8309961706819231,0.16372094998867756,1.171838067143598,2.422922392658254,1.3433596027794963
41,0.06422936732270912,0.053659669371840815,0.9498242957972289,0.18299155134392125,1.174819478495806,2.8369992182464774,1.4673339582175058
42,0.0664462351340465,0.05382596317837678,0.8296555608255252,0.1969093248731495,1.0901344387436542,2.8336397432616476,1.3502105874464472
43,0.06494616677821315,0.06018630432363988,0.8631172636210909,0.1797980469741061,1.0841976348789033,2.498897650672614,1.3830419451418468
44,0.06601117682546165,0.0546622715215243,0.8704749535516033,0.1726730778468859,0.9948145223668827,2.6354814414939423,1.3212924990261685
45,0.06676524213005562,0.05484262600124612,0.8264768645502159,0.18490315904181576,1.136550235180558,2.4135248096627717,1.4276062681426178
46,0.06751070765838693,0.05056238128007919,0.874073888992687,0.16771288307701213,1.2029965744511508,2.3806928224771506,1.2354705643106076
47,0.06664117781135274,0.052092477917939896,0.8336124882208681,0.1952145683975509,1.004990615475643,2.707787443265618,1.4831556442924678
48,0.06647003905493074,0.051698212967799,0.8919997343503155,0.17905979431255353,1.1929681142253785,2.4245996370051315,1.3965575608802183
49,0.06763257664352046,0.04995006886241979,0.8539127693963432,0.16957007979743005,1.021206768300249,2.4023062420268504,1.356792882307438
50,0.06600918097115002,0.05037444344959916,0.9423874109964134,0.1690876195905708,1.091999690992657,2.3401417522273564,1.430510365871478
51,0.06583658649839837,0.05690490973943672,0.8403750918352386,0.17240323545874595,1.1145058610962855,2.762338471040533,1.300516289355536
52,0.06490325504637806,0.05340536678854516,0.9650576311894576,0.1824854890017582,1.015561096578703,2.584445795391857,1.2948036069751667
53,0.06360264016953834,0.06013502668131844,0.969663141744681,0.1719092930630694,1.2018122371599644,2.4625462708345185,1.2602250536174062
54,0.06586795145650041,0.056505178494448624,0.8710469392781607,0.1694020606893081,1.0128276781107919,2.5745257150692407,1.2515999252841352
55,0.06518414019195184,0.05126206942520983,0.975453432950716,0.1623655469805102,0.9943801201780713,2.66513960335736,1.2602291470489568
56,0.06593075831768193,0.04993529358465704,0.9396392529327035,0.16394387887411255,1.0779973506033167,2.6410476937803105,1.3260382485267013
57,0.06668056266741176,0.052977628523454355,0.8557269145038313,0.1695775520111646,1.0127505867646744,2.598281534624149,1.3256608511294514
58,0.0642017101101701,0.05662849630451953,0.962518520118404,0.1823238540260475,1.1164530808831366,2.388385450397609,1.425379305915967
59,0.06343385836191595,0.054467119074942755,0.9853339240151118,0.176288972917894,1.1173526031118004,2.8446561515133633,1.4789853806063729
60,0.06504047607139354,0.054051405007743636,0.911562561975409,0.1761713308163855,1.1807569449239301,2.7463428512809527,1.4184127075101172
61,0.06773697778248686,0.049723417436070505,0.8267395960096573,0.19677711742409915,1.1474031222950276,2.4371384154476026,1.4783592842509243
62,0.06648506476472259,0.05308418262712672,0.8428540919339338,0.17568080730186814,1.0634578988913406,2.74929519683753,1.3753941674084698
63,0.06472366154815282,0.05699444355845333,0.8958373740473718,0.17641190720575772,1.1799897051087436,2.6635457702353933,1.4362383524021336
64,0.06583954416426804,0.05190212143665427,0.9540543132983972,0.18966964553969623,1.0635558310205746,2.4290153170193105,1.2293577534142994
65,0.06534159740355265,0.05275587952885524,0.9551786517788672,0.19558380351323218,1.1584450419763503,2.4097778916495782,1.3506644976930058
66,0.06636383476849905,0.05366147624690461,0.8528231822978446,0.18447907797212482,1.032553891870679,2.575974008490204,1.4182113847120397
67,0.0645578788286084,0.055128496374753165,0.9127275123052899,0.17790235899159584,1.0262101524327256,2.858903541784416,1.4347895689396928
68,0.06443144729989511,0.05868189952626967,0.9246378904082793,0.19379838056806997,1.138059074705337,2.4106988330545196,1.3791280367915757
69,0.06480750839022184,0.05436183525159382,0.9675420179659672,0.18278809766147386,1.136519095724323,2.513477176696093,1.2763374937777074
70,0.0642928136160594,0.056457084612693526,0.9108179852437359,0.1805755333762784,1.1316960030999532,2.778255082058431,1.4829153946490845
71,0.0668670610069004,0.05128657526874717,0.8531471994937294,0.18554518570769007,1.0082996142167913,2.5735532361727733,1.4298842992544538
72,0.06423915718427045,0.058486075779224656,0.9226118382171424,0.17084020188242632,1.0329893295310622,2.7758345581731008,1.256781652450205
73,0.06353992328391692,0.057714674672068075,0.9490419761042342,0.19670991159178958,1.1356749561611963,2.707082353191251,1.4660115819336448
74,0.06742894900436514,0.05212519637230886,0.8414072020890931,0.16272214216494787,1.1439735197118204,2.3509052544154843,1.3570407677588614
75,0.06539603504783395,0.05822496533205976,0.8517379841540128,0.1816463532165254,1.102499996831234,2.729433561982152,1.3037839719694966
76,0.06386067326517259,0.05713186891599595,0.938573181411745,0.17877102331487676,1.0117104164174162,2.8021136765253782,1.4034349575795544
77,0.06598367450080066,0.05193716682243542,0.9257217475253359,0.16840356583281996,1.1269423535410732,2.47067973187057,1.3254553625899803
78,0.0660322350444382,0.05279134339452723,0.8943372124869754,0.17084695682147188,1.1760196283922961,2.439668380331296,1.4486217483794155
79,0.06483576583504172,0.05930599763583647,0.8850313145444587,0.1732102693862613,1.0400895559625158,2.5792227069848246,1.3152435491201269
80,0.06510117847658062,0.053457033355679376,0.9339455393643501,0.17589749333263127,1.0255595538845717,2.779654605755529,1.286547554562224
81,0.06565345775573837,0.05113814434072798,0.9457738351346635,0.18016175447943517,1.0168225071164094,2.557687794215445,1.340589141744444
82,0.06311687791711523,0.05756673327193848,0.9871126015597953,0.16858119903145236,1.0339315376703189,2.754510067843384,1.3800817222054014
83,0.06323270458014055,0.05926437548367409,0.9414323045534502,0.17943943319854233,1.1630209087809753,2.78357281202605,1.45242185340375
84,0.06461757208997244,0.05650990903224815,0.9067349055029185,0.16575118401550154,1.0706231122819303,2.853816745593073,1.3336304004922876
85,0.06426069382366657,0.057197769650365216,0.9318139845825137,0.1683321896594894,1.2047620129860435,2.75021827673108,1.317132182264149
86,0.06296216536862836,0.060004993239569156,0.9415095619457176,0.1676223381839808,1.1677116502636131,2.804845139722749,1.4813657118874743
87,0.0640683870410539,0.0595787416611469,0.9170234663122765,0.1895115648520667,1.0468625784236913,2.5699347617708908,1.3901481922383159
88,0.06441180460178206,0.06014833654829443,0.9040452829254075,0.1751691447435126,1.141843418891313,2.6279772315148886,1.2534194324704349
89,0.06488084057675342,0.05244535319610592,0.980455137733532,0.172374975054194,1.0462788950192903,2.3868691008193617,1.4177741409736395
90,0.06534513318380311,0.050883134156142235,0.9598761988352016,0.1959385835957547,1.192902017947921,2.4346475509336307,1.4666149933017394
91,0.0667488950060485,0.05116333244272954,0.8780493154071854,0.19378835330762864,0.9910575811987957,2.3951131975593647,1.4418439366232751
92,0.06572534515207325,0.05186904774086373,0.9091813543493918,0.1700750316109584,1.0571441565428086,2.5532002637206883,1.484223677327284
93,0.06385153076956764,0.0596923907655516,0.975362205544766,0.17512610690611527,1.024440157382077,2.3553356296482715,1.2366595218373146
94,0.06344156040074048,0.06021967341762584,0.9629672611363205,0.16877170564192445,1.1460294283300754,2.5532490075530268,1.30101108904572
95,0.06536121804696207,0.053644451757759545,0.8933281541620416,0.17981296614450393,1.0332474395524593,2.7241848888639586,1.460212687188433
96,0.06591695119495769,0.05478865177413145,0.8783176273414643,0.16231968581907374,1.1627993952487765,2.740574302866637,1.2300995541477695
97,0.0666717650008983,0.055024287628611265,0.8514480540635303,0.18155095115481074,1.1587896664615356,2.3878620243165276,1.307334433432557
98,0.0649837938841545,0.052420047032882146,0.9542569246332524,0.1971365538327513,0.9980672349555537,2.6295762405589507,1.38623354913227
99,0.06556825079980846,0.054736556868556566,0.902260353355124,0.1964348561647012,1.1522579168353428,2.5722340177662657,1.3195793318177025
100,0.06713926704088921,0.05046770318317281,0.8823329489654801,0.16933562936595747,1.1334722248994917,2.406392503365621,1.3198296651862587
101,0.0641039365508424,0.05985728288140077,0.9407774874690479,0.1655550183511057,1.0273578874582974,2.4620029149597986,1.2759950272826968
102,0.0655907301835209,0.058602602521987276,0.8180085806989486,0.1656021277009462,1.084189894830549,2.6202014885275835,1.4814389499849596
103,0.06592865513902241,0.055681781321631575,0.860437464177432,0.16760828924378693,0.9939667514970855,2.784570817962492,1.2337651099353413
104,0.0667323271210577,0.05019740322031457,0.8769840439271517,0.16455272525009312,1.003111256281672,2.625827775598749,1.397828991391535
105,0.06578637240054683,0.054138903008039405,0.8697947775465493,0.17490021388173865,1.13939389654376,2.6792545476516714,1.4282816145708122
106,0.0642154306700363,0.0588142666191216,0.8949106019564759,0.165486388325523,1.2024767345330667,2.6741441234663923,1.4757566296429787
107,0.06495645719606444,0.05122298904141323,0.9528371352285042,0.17807706494159062,1.005943932375385,2.842000621594648,1.3789827524269984
108,0.06429386075035715,0.0592106224589171,0.9089449652220409,0.19576452349968843,1.0981955536876828,2.6085970934694482,1.359002685264905
109,0.06657398525658549,0.05069906662041947,0.8633809224574827,0.1631820100093098,1.1998905214221154,2.681940759167072,1.4631102795374245
110,0.0669787471357336,0.05257153930279774,0.8599663080345874,0.1867879146406349,1.0801545221153113,2.377881807304384,1.3550030167802323
111,0.06495078827245204,0.05406155461632941,0.933650168768049,0.16252212437664873,0.9957703675994578,2.713178836507126,1.3395688785893165
112,0.06323798978702388,0.05820121980984569,0.9683062503559879,0.1907077735544977,1.1510299352391,2.670598226708716,1.4434955400249645
113,0.06548869018611886,0.05252526831155051,0.9263496398873364,0.19307054765126871,1.0255944144832208,2.545480235285221,1.4112129898018022
114,0.0652816194220125,0.059247429246224795,0.8417639605610773,0.18133665388591536,1.0701299434132918,2.5214649907318556,1.4550906864723268
115,0.06583445602128782,0.058856878015124854,0.8178703963031219,0.17154327518132068,1.115443587760677,2.434426828518474,1.4820954495300966
116,0.0655699982483332,0.0573500608469575,0.8668900488344418,0.19008848055659472,1.1417850442999806,2.609340993882221,1.2914101779929597
117,0.06528666009640824,0.05233117917629853,0.9407288418991154,0.19679845057035072,1.2063431461640346,2.8240487859808154,1.2343935874942757
118,0.06660377232991889,0.055455718226453184,0.8224079907838356,0.1920748649259355,1.1630896280723404,2.497477142605846,1.407032983698377
119,0.06452523769265003,0.05233299780059185,0.9840923158440114,0.17930187949258916,1.0542400881718859,2.855312809401423,1.2426638344442411
120,0.0650049536634584,0.05800170192305625,0.8752203683163071,0.16741438853758336,1.1239106572622997,2.733872960296339,1.3268121230264611
121,0.06354217779507361,0.05740821767400206,0.9817589900775094,0.19433545521122825,1.2085806321870802,2.766536769642177,1.2465344189900824
122,0.0632134845211175,0.05902400524445246,0.9516184790678561,0.1865966851406903,1.0365738634788637,2.8481938668460383,1.3756308857705397
123,0.06297283957289267,0.05977442096675997,0.9727570622865123,0.1778710423005623,0.993974606197479,2.8393981858458335,1.2781602275999902
124,0.06427302490213677,0.056547651763408216,0.9392472016501776,0.17940134868283722,1.0313884308735128,2.7658969210784474,1.312524992907111
125,0.06535950886702953,0.0519862705362428,0.9630339710646315,0.19545421228052126,1.007067222121569,2.4624089769896838,1.3297312352748074
126,0.06652715569959387,0.05282064842914225,0.9050628583433827,0.16256292246309836,0.9944419375055742,2.389150027609225,1.2226701915866631
127,0.06765770332701182,0.051839376767731316,0.8147469110735059,0.189389721692507,1.0567395277815657,2.471560303775065,1.3803301274181317
128,0.06461049765298872,0.0581712620094563,0.9444366372009524,0.19278327342038729,1.133924556083709,2.3578675565259113,1.2635939502223512
129,0.06657878538315788,0.05297561506894197,0.8771175987265017,0.16215803485708893,1.1239837883604724,2.455847584941353,1.3209835899023727
130,0.06511648438192995,0.059894861465974704,0.852728974405259,0.1714419908061876,1.1614868985537492,2.424210132287205,1.4561301364909751
131,0.06747053608732743,0.0501911292963877,0.8234666643625169,0.18796687033393367,0.9924117303008838,2.6836997431883893,1.4079631932732983
132,0.06683179397569228,0.051559364862416475,0.8435787867206286,0.17946174960335662,1.0531412505688458,2.6920858805685866,1.4051666088912647
133,0.0629215322202481,0.05979152619807124,0.9589338730363256,0.19232789289427207,1.2095348370579257,2.6937039648392815,1.4706734075555987
134,0.06568258214849979,0.05158676793804001,0.8952788439592602,0.17907765818292742,1.1919454170966286,2.7848386103282934,1.4619607986316054
135,0.0674461441834718,0.0522212899395499,0.8216959595041866,0.1714352748029269,1.06625996415775,2.518638830281343,1.3585867568301928
136,0.06563973956697444,0.05149816328648544,0.9414155536385342,0.1738276112873094,1.070165018025227,2.4301050957556702,1.4238083807479807
137,0.06377479086662248,0.05789167482567944,0.9814110829763822,0.1787057082119729,1.1005951524138002,2.5636157343299217,1.2507277760326725
138,0.06583314412232158,0.05344493096572721,0.8710688918341191,0.17975649786946127,1.0360163000749216,2.7981674628410818,1.3874445251238396
139,0.06660832023256949,0.05328316236256699,0.8538704426006476,0.1879373143868345,1.126003947830139,2.520309214897819,1.3832083284035177
140,0.06748897148489297,0.050654446829945014,0.8225123455256558,0.17007223600407664,1.1688262745225426,2.613396254356919,1.4122223549692903
141,0.06321735088258695,0.059768349865787905,0.9779244209459977,0.17311951080695714,1.1278550877962328,2.7149518130632027,1.2293969922508208
142,0.06494861942173502,0.058665575005276395,0.8805749738929982,0.16487286437778326,1.1332868787573853,2.5860073472285134,1.3514760827815693
143,0.06700628950983138,0.05396527742504476,0.8287957094087495,0.19247839722968701,0.9900663722109087,2.6784775843865036,1.2273460389570285
144,0.06279336709382408,0.05959412088843427,0.9561410284229023,0.18738305481578754,1.1935231918583749,2.831512460159669,1.4687666197288824
145,0.06591451777861096,0.05691754906440259,0.8580612401568062,0.1840919276389022,1.1634498788124097,2.4132099828304274,1.3773851908721673
146,0.06589509966346395,0.05358023080243268,0.8559454945957072,0.19745776201476137,1.0517046396509773,2.847146747633114,1.4117617191058187
147,0.06595616585824703,0.05336496282579365,0.8630840157108695,0.17288597059900762,1.14860747909202,2.8121148434165137,1.3879094041742275
148,0.06667812047988886,0.05305844191565282,0.8443923116954996,0.17371146578893332,1.0187611945840414,2.5738586520686435,1.4057403469737624
149,0.06471071363585852,0.06030037362171521,0.8399654154763588,0.193257750311563,1.141438839858097,2.754561108724778,1.444030346382923
150,0.06606890267241428,0.05629677651808025,0.8375623013117809,0.19118173763594393,1.2052292616725038,2.790829433992048,1.2575369931034148
151,0.06597578126940234,0.05335582849515453,0.9098211155238647,0.1686024533391608,1.0329652522266712,2.462390407927561,1.311463308104993
152,0.0661093608155659,0.055425824432475464,0.8817895158004454,0.16265721158229193,1.0553487946645368,2.497287999922839,1.2344073296385238
153,0.06476706837130332,0.057959148194996216,0.9225347711141677,0.19634456810161027,1.018396574692025,2.3672082936396284,1.3541932267078645
154,0.06643496351516097,0.050174084975866666,0.923585216013157,0.19146905974832315,1.1482401413443668,2.5424694189920674,1.2670650707439366
155,0.0655594846175084,0.05151565895163172,0.943868722552145,0.1924837620223942,1.153567707389896,2.5091012116377014,1.382809301375163
156,0.06485822592862796,0.057054294611943744,0.8671327821396627,0.17619675117148534,1.0876948719162598,2.842164316522607,1.4476755503511813
157,0.06524150068572089,0.054230905153457874,0.898041873464018,0.18610896957911902,1.0069726572548894,2.810582500948282,1.3695301262812853
158,0.06625176940109175,0.054323654606769196,0.8508058378563821,0.1625368855819791,1.0873357893565474,2.7825116368881586,1.2887322524043643
159,0.0654330844941848,0.056157841019558834,0.8415334707072152,0.17958682075333715,1.0348493236415146,2.855515655459337,1.4559520788029774
160,0.06631176422607715,0.04995318889341586,0.9010109053664725,0.16582999184087469,1.1789043060343376,2.7243812880599005,1.3652814546111354
161,0.06691826444584037,0.049843038040893406,0.8869962310511749,0.18584362345099806,1.10227130697867,2.615363414225708,1.294369145271295
162,0.06581657049159328,0.059143624891151186,0.8260393534515726,0.16610458605397632,1.0613557278226633,2.6580752587746264,1.27168246956277
163,0.06516082223601637,0.05901301368994395,0.8644600460943118,0.19483298896680537,1.1662744739656628,2.647304714019022,1.2947232670008606
164,0.06460070051423729,0.058789022076124346,0.9130062358481827,0.17388220169524787,1.1265101374083901,2.433064189858401,1.3670615763818414
165,0.06736373314386446,0.050376813664400825,0.8501636506634269,0.18484103393798765,1.136655818829945,2.4641955781768754,1.4036171464256906
166,0.06598751906530888,0.05286122821822144,0.9070150378035214,0.16443772877342294,1.0842334115853967,2.4681405141830566,1.3641892586539288
167,0.0650447679867326,0.0603902934915458,0.8715665326180967,0.17666257633895305,1.1376976707396456,2.5429663080400884,1.2454902933608323
168,0.06560865271645848,0.05820338208794142,0.8361761235222331,0.16626137169239488,1.1792273177407866,2.7475656461775246,1.3118520813533634
169,0.0646171087926965,0.05668360387216324,0.9562606292464785,0.1731763048123885,1.106980849257316,2.4179466770345233,1.2818987510604711
170,0.06727679167722762,0.05291271328857325,0.8188529841133433,0.16406485987001443,1.0517232342253562,2.719198333662034,1.2558066998067676
171,0.06703630199204488,0.050646966362487424,0.8375708673188316,0.17738557737743732,1.1940132607269973,2.669732485696718,1.4560774617340215
172,0.06396455851892545,0.05653401954804219,0.9537315991531564,0.17418363989050062,1.1044848831280383,2.715252045356922,1.374440682094741
173,0.06538369784068054,0.05220496355043747,0.9468058255153102,0.18846431418350867,1.0443759311923537,2.4278678633804613,1.426496523239493
174,0.06759244543633347,0.051419348184304284,0.8423940341451278,0.16249415786481952,1.0776028244008466,2.3923025725580804,1.323540070639101
175,0.06569413781202557,0.05709432826318502,0.8352607798415083,0.17790575045856116,0.9930658408075045,2.8479420885369047,1.3177656014572217
176,0.06643340197042359,0.051219273068650574,0.8653800533515245,0.17019966508466045,1.168623818621238,2.7877003794137836,1.3912173841095912
177,0.06453212934242913,0.05481507160101338,0.9576599041948866,0.172250307674455,1.1739707733732871,2.7326449988309114,1.267685882480237
178,0.0659194052507319,0.05455730326725781,0.8920904526516942,0.19514110588413577,1.1771050918954216,2.4543855729659545,1.3383371835614923
179,0.06586930976583903,0.055818305070120394,0.8282164247021344,0.19060387904165638,1.1920138552936046,2.7765043815133867,1.4456743209973153
180,0.06689545996045987,0.05718987959519481,0.8132099606412744,0.1960483079922779,1.179775914674045,2.45307675879599,1.2279712072735265
181,0.0636141688047733,0.05891704732859412,0.9789279153727184,0.16231711866272663,1.134808432382719,2.5088174154078358,1.2768682135232037
182,0.06681891735906767,0.05246792083229459,0.842323241354997,0.19570947821658477,1.1776634589657442,2.5199096871948417,1.4435667385298458
183,0.06639613710725677,0.05526738650571169,0.8194142685923225,0.18451504411003308,1.1534408559034086,2.6875908270218045,1.4032745414138164
184,0.06647425092027223,0.05678152531509193,0.8320980498082419,0.16614628587439562,1.1657425942154984,2.5994759400454392,1.2203569950598747
185,0.06587528576378834,0.05739385611796433,0.8405832737621959,0.19615852699865155,1.161013867786345,2.428030197616611,1.44953950484423
186,0.06558378902239266,0.056330199621280774,0.8796169602706362,0.18061411235354669,1.0555561567398757,2.431876758432701,1.4112507293543388
187,0.06422603459341132,0.05898200737004654,0.9109795573640426,0.19633383702055673,1.133594744587863,2.5245055882186254,1.4456600295611242
188,0.06391033694447659,0.05969874553878415,0.918129542012452,0.1652821022264018,1.2057970285700972,2.61695711784268,1.4066716963822006
189,0.06797449945798013,0.05064039905395379,0.8310321150161004,0.18294983106724613,1.0042985858233624,2.340224476769667,1.3453790423140106
190,0.06656872457992283,0.05403404899154971,0.8467649146064683,0.17529386493510318,1.117169768949823,2.712437404661506,1.2579647269949805
191,0.06424877840010794,0.05732364502057312,0.9470102334402828,0.18126453068064868,1.2081108818170336,2.5948768855122477,1.3112591559554143
192,0.06559704922420778,0.05538471821500825,0.8940676017927774,0.18980514956912992,1.1237395723226244,2.3481545617872275,1.4484225415375815
193,0.06637665261478659,0.052200805404255785,0.8652209444491403,0.16988017400743866,1.0310980996202002,2.546058484848202,1.4845497065097895
194,0.06317681525046807,0.06040516173264812,0.9665227263823537,0.1868707560566189,1.1941311123221732,2.53281041485871,1.3739547789421402
195,0.0671208735736105,0.05042339079654782,0.8711804732052514,0.17761209717948415,1.049356105150007,2.632014773319311,1.2566888206450342
196,0.06667674049195761,0.05639142539679705,0.8125198522606006,0.1626627372339709,1.077985940364746,2.3936879605165533,1.4322916039911848
197,0.0665592478620452,0.051632100744716435,0.8667726398816868,0.19257438172178334,1.1703106956458105,2.537859639696084,1.452242842339497
198,0.06450131872822748,0.05651360275213109,0.9330417209773844,0.16670171899012318,1.050362147255425,2.8061558526500745,1.242786685889595
199,0.06656857749188735,0.054612470554394166,0.8350003019760999,0.17207020934468892,1.0228065209696113,2.5477548771146856,1.3886990108479136
200,0.06764508031075422,0.05010113440763588,0.826813987753303,0.18207095068307325,1.1355628506195994,2.658519063629283,1.3419160116876936
201,0.0655460504613407,0.05189666491316333,0.9404520025276079,0.17096054106333508,1.192164303289713,2.411801618772322,1.4420537173607453
202,0.06532398996584621,0.05408751475979011,0.9231523133390583,0.1860520414802281,1.0878411422385852,2.5717956059570133,1.3425889018442305
203,0.06551803177197597,0.052573934785629814,0.8867367358256277,0.16951734385243475,1.1824980023570886,2.824951965105155,1.4703324877615958
204,0.0646633920370193,0.06036951321403577,0.8863262696963705,0.18426720899195428,1.1948649453680118,2.596679651722146,1.2655402002208351
205,0.06748422559528763,0.05120620284545683,0.8378563523539216,0.19670519111151777,1.0821879314735006,2.6773718726078513,1.2238020220606716
206,0.06490476902327288,0.05495731672338637,0.9433959075766171,0.1935770488161848,1.2029777323496862,2.683004441831502,1.2273460781669179
207,0.06277471907419163,0.05929629846489121,0.98722130654361,0.18611869063392766,1.0299094391194399,2.620283865801388,1.4431193970166771
208,0.06706547105665125,0.050174575696855066,0.9016497471699116,0.19681918614712635,1.1386251789619202,2.430810229375522,1.231512761555844
209,0.06268325501148309,0.05894424969904417,0.9826759027822879,0.19108890727198583,1.1621498746757397,2.718435046917881,1.4725913430050375
210,0.06586410991208373,0.053656203659188155,0.902704606292724,0.19439888354719478,1.024451914439747,2.436920913996897,1.384933259207261
211,0.06569347031736128,0.05972845131206292,0.8188458924781661,0.165849090230968,1.0973793614914895,2.6612610624479567,1.311294397561587
212,0.06450194412222539,0.056969100149230525,0.926501505052207,0.16623510874263406,1.112739880273137,2.565685367952542,1.3963460406930683
213,0.06739471628284371,0.05123344441852002,0.8537384380957352,0.18548728123427521,1.0834375323778083,2.375739023855106,1.351306868311874
214,0.06587175912443402,0.051380398457035306,0.9357043671508805,0.19189994560687212,1.0638692975480948,2.533033408574313,1.3110395203845369
215,0.06561039204676455,0.05751191008125242,0.8394783533471936,0.165998877848168,1.0072942361797892,2.5837359186998587,1.457768485618445
216,0.0640287943578459,0.057115989966576956,0.9316463764237711,0.1624231842140121,1.1538703828529615,2.839944514526527,1.360430122686228
217,0.06441489579777472,0.05419678750146273,0.9329482986664439,0.16960726515653943,1.0708128635763825,2.8478360472631468,1.452389430302078
218,0.06629624351853013,0.05063236481729891,0.8870974980568808,0.18353326719023874,1.1265009062690945,2.6831990719269894,1.4231471221912335
219,0.06508105929086824,0.051263682595390825,0.9694136713965643,0.17942220083779664,1.0027150497841892,2.714252337644975,1.3033226156112347
220,0.06578406563167993,0.05348551054168108,0.9090311016387188,0.17118093775798712,1.0462811073802807,2.4654089892277455,1.3769678468158966
221,0.06553275400775851,0.0561120098975611,0.9240993515447697,0.19028457570335053,1.0833402575001094,2.3404731101639427,1.22613911182771
222,0.06542269863023484,0.05620399261610551,0.8663163286765191,0.19573085436590268,1.0684320677646395,2.575266610600858,1.4742031391869155
223,0.06665438053689744,0.05306339771830655,0.8531522369815759,0.19418156602382006,0.9937078720653123,2.4029759542592277,1.464611002150789
224,0.06372084083284396,0.05764947472143819,0.9612052043676951,0.169241593292152,1.0291871561231853,2.8169944771127717,1.261777875824467
225,0.06702243716454254,0.054363200468698414,0.8396391944237349,0.187981999940287,1.158653486799356,2.4163571732960896,1.2839995184595707
226,0.06624448986378953,0.05585773770679075,0.8652031287561848,0.17571637772591076,1.0935883584552626,2.3708500993059483,1.326406401951244
227,0.06690620707916015,0.05423657625684582,0.838272496770567,0.17540315437203627,1.1169243486505689,2.5421115104835,1.2714480915119113
228,0.06511180074116603,0.053310368947227856,0.9247933249938489,0.16950829080226806,1.0636521626821769,2.7893487355056665,1.3476789818537178
229,0.0661682014484812,0.05321897882198306,0.882944221574099,0.1916321298980624,1.0224495395534976,2.5537192425914075,1.3556018697771464
230,0.06509704237987579,0.057222700661462976,0.8952694831287482,0.16272442171306392,1.105474670619944,2.439556563565867,1.4213035888363055
231,0.06474308144808913,0.055035151984258596,0.9425216486902037,0.1863201826990773,1.0253731920268163,2.6807917471053577,1.2943878569955438
232,0.06529859254155111,0.05800633526429108,0.8518640216637563,0.18031165821144873,1.1032792929185042,2.58245008669235,1.4540723119523793
233,0.06458339244106709,0.05740426191023989,0.9223633164918219,0.1898155486974643,1.1372437116989527,2.537749102853025,1.3656146677465157
234,0.06577764628930725,0.05547154150985798,0.8464020975453501,0.17644045874534597,1.1955911494421698,2.775091470256726,1.4005874492300885
235,0.06539648349430911,0.05245282991957218,0.9549348124280121,0.1634209911576198,1.0079076763715005,2.4505720558730575,1.3393976173888362
236,0.06539253226318605,0.05246635072525818,0.9491281318077133,0.16354422665638457,1.1285631308491109,2.6843577918660744,1.2259324384264234
237,0.06659668089976405,0.05019822508744313,0.8778936471875927,0.1964646291394599,1.1660650265538055,2.841980367307802,1.2975722632566216
238,0.06381912648682958,0.05549903590750316,0.9766739320715712,0.1841076986380684,1.1209592953071292,2.786470568241155,1.3287878937827808
239,0.0676379408252484,0.050148729365445247,0.8229666533278622,0.1641653702528729,1.07186324887426,2.5927806260065864,1.411393367538994
240,0.06453953359887926,0.05262627504910651,0.9615351049247637,0.19144285998021612,1.179806272721621,2.8529209170363856,1.3507853399027034
241,0.06518251648444727,0.04960696685899476,0.9821752117121462,0.18297578670513293,1.0823275218141106,2.6529574189334566,1.365131869590202
242,0.06506199927968187,0.050977633874878435,0.9737106443162593,0.18910347957361956,1.1528638656077563,2.801740919490392,1.2484358856819018
243,0.06480743184551599,0.0540467423223663,0.9171726393580943,0.17029439382143138,1.0697644576845229,2.842918562712123,1.415434880058862
244,0.0647189799708491,0.05960572871637014,0.9109903503304567,0.1917677349389163,1.1612332799353497,2.445085784599572,1.2511273842684758
245,0.0659458639137085,0.05417787852574246,0.901305849911316,0.1629624319896136,1.044829513866286,2.431676273350851,1.3254809774726954
246,0.06430372168328205,0.05914632966595171,0.9431822303593679,0.16344276070288072,1.0256584920711327,2.34313351971483,1.3214769182013602
247,0.06573716506357402,0.049803081570157406,0.9497441723597787,0.18442336821117356,1.2002160378629423,2.4600310718713567,1.458605709736915
248,0.06538437322219581,0.05664164180584046,0.8858980952492471,0.1978503068651222,1.0799531353669067,2.624090221414907,1.2953112004689202
249,0.06326816306368865,0.06029794795379947,0.9233904554579893,0.18338492495526865,1.0637430096829146,2.751843027002678,1.4831651591506678
250,0.0638900509080584,0.0575895322351081,0.9777666286372937,0.19491921329378645,1.0093410257666742,2.438305792460015,1.333429715732138
251,0.06612457943196184,0.054051076461205286,0.8636687448408981,0.19631554825938002,1.0566590323836327,2.7079717088825546,1.321555133092024
252,0.06346475057553626,0.05802637752283387,0.9466160409531721,0.16470757600847719,1.18417958342124,2.7648243024027335,1.4525221930489707
253,0.06625164069030981,0.05643715251698397,0.8520828730065565,0.19409195713080496,1.1131761539546592,2.3895803080724423,1.3401274836275778
254,0.06459166064988868,0.053979514565610204,0.9804076351001809,0.1739110830251328,1.0710886572817824,2.5274315536346155,1.3061251899281858
255,0.06512916464196251,0.05202044604859522,0.9473933621335331,0.1700932290853284,1.0130436373777103,2.756615266225515,1.3324118929767403
256,0.06419590101775541,0.05580873854069347,0.9788921339073963,0.173733218473849,1.036776400978362,2.553593399632298,1.293326474963934
257,0.06738792847686416,0.04994744307404626,0.8496224602289228,0.1747237411367115,1.150353120368146,2.587808582406371,1.3579677461012167
258,0.06545708073079881,0.05559658102648044,0.8869646730476007,0.1948009942870631,1.143449787855439,2.431111450334706,1.4748727063797833
259,0.0656167329437551,0.058976347795719704,0.8369978920747728,0.16513436603556392,1.0303831506230436,2.447066810494393,1.4297727613134708
260,0.06473762628904797,0.058268120340215626,0.8985347486017381,0.17772765898018253,1.090660143517236,2.52196748708937,1.3937255988204083
261,0.06565235709310724,0.05457485464678716,0.8701716006824969,0.1633880056820803,1.0326346633682701,2.6644596968325005,1.4532965974415435
262,0.06751870297478368,0.05143323866449884,0.8217289659966902,0.1760301591410943,1.039177895526743,2.649407908725763,1.3150429032659219
263,0.06510455819308424,0.057944681826029965,0.847588645279813,0.17982222931828454,1.0851642017505492,2.8290070357127854,1.4050340539341144
264,0.06647904478042983,0.05698100074674897,0.8263112079911408,0.16850470361945086,1.0494001765023984,2.547694998510498,1.2717196790262597
265,0.0651062557250493,0.05281985351484174,0.9355440542120443,0.1813964535122069,1.1951851645881444,2.7855550179674236,1.322628022815423
266,0.06605522344853018,0.05508846873082076,0.8562719374473639,0.17345885855513912,1.136495888772207,2.660984301151996,1.3381118361601188
267,0.06565985866905386,0.05862649562286411,0.8430879905535887,0.19417744570733944,1.0390716606414983,2.6568500522955745,1.2655131835096953
268,0.06751495105002138,0.05303622798737729,0.8244830684069969,0.1851419191521657,1.1378218203251715,2.3956047019226774,1.3181663192406072
269,0.06523413608022233,0.05792347763804691,0.855792087836534,0.1686670647354279,1.0402333254577212,2.776919958777122,1.340893982523832
270,0.06590038946973716,0.05506554030704339,0.8893313420067447,0.19487714595851122,1.0345208982080165,2.5881612687144235,1.2353203346816655
271,0.06541340027610824,0.051128680365248445,0.982972468099778,0.18247930528849585,1.1097952545956338,2.4712689086464574,1.253403840968063
272,0.06683919339867626,0.05123363075334368,0.8527004847549369,0.1717991818305139,1.0962444380199032,2.840087214914786,1.279758603012547
273,0.06428466604325317,0.05867534864212494,0.89534830983049,0.19254958286108217,1.1785637415196368,2.807643113185577,1.3675106058102016
274,0.06398322266559833,0.0577436041569839,0.9805004735763885,0.17925906214537382,1.1575756546626157,2.419480823645175,1.2796299740292252
275,0.06683963309459603,0.05384201040414738,0.845066031098318,0.19434244941768766,1.1930968451438813,2.5652894896171907,1.2692427732353404
276,0.06631706608632826,0.05695407862728453,0.8279233962646605,0.16789704201180303,1.0310366446690025,2.415430946430126,1.4113864217535803
277,0.06352278942378475,0.05855951915381475,0.974644235247704,0.16807476245942402,1.0499202586621557,2.671609001822988,1.2669260782789427
278,0.06653949525751934,0.051897548885334856,0.8823788490550825,0.17674848133218865,1.1463245715971833,2.570709560650507,1.3207033778839707
279,0.0657586240411408,0.05212386705960469,0.8999677017189076,0.18271730658224292,1.1312238230018212,2.6445599901169237,1.44535867863008
280,0.06610433153201979,0.049834768822013584,0.9442492592886114,0.17578440710824206,1.1745032900440149,2.403837225500871,1.386059804305432
281,0.06521209223360293,0.05139705351115735,0.9473069237301314,0.1750906018527147,1.0077332049584398,2.734274673614871,1.3684719711790585
282,0.06438094146900968,0.05670232302199288,0.9130842383715954,0.1967133280988063,1.1477140309753693,2.701672579696695,1.4579972028426234
283,0.06504028333102568,0.057686289219815334,0.9068084899234916,0.16593844476959738,1.0618030635153175,2.3435096700483653,1.39126095307503
284,0.06437394202717882,0.057255677530507365,0.9203556536109173,0.19003120129520962,1.0931119378984322,2.83198029651472,1.2852704999270061
285,0.06515167248695147,0.051516495210868346,0.9821104242831094,0.1973785161035831,1.0358863517924213,2.6060658162473396,1.2385779553667766
286,0.06490135590526477,0.05699139248081196,0.9470502387462377,0.16333701826929198,1.1470112320835881,2.4002024074145654,1.215609648947422
287,0.06604955052750178,0.0555370641409281,0.8251508456501584,0.18265630351633222,1.1833109751403361,2.7099309130549014,1.4639257662782648
288,0.06594056929748351,0.05493916926905969,0.8763699388567536,0.19287385455624706,0.9943678126859521,2.569149299758001,1.3255765051961432
289,0.06804037311681493,0.051347627306458,0.8260204126606326,0.19775940101985595,1.1716919988950765,2.355561026234127,1.2751072378723571
290,0.06328906526793318,0.060126036814067085,0.929905500457391,0.16995661196582387,0.9963491540767461,2.737895304167783,1.4615963070519389
291,0.06669474912884929,0.055216728469861816,0.8163000919322728,0.18686753180959786,1.0296573362690193,2.7102143694613963,1.298199189877885
292,0.0630733881064551,0.05781766390373134,0.9841892884137537,0.1626733037583268,1.1353518517679368,2.8535520503994354,1.3301496177910306
293,0.06652566548663275,0.053814976899277715,0.8659405219162583,0.19022550720275735,1.1321495503666663,2.434984605669404,1.3467282927108428
294,0.06680092633227928,0.05675319990167901,0.8366651550791868,0.16556699416993337,1.1728005790231184,2.3466649110823363,1.2287522250040963
295,0.06391528349053588,0.057352079310700084,0.9771094181123641,0.17667314300509035,1.0224661106281387,2.4937397045708276,1.3164480730402197
296,0.06545216192143871,0.05593890480085062,0.911182155714247,0.18668328712516336,1.0559435036396823,2.45837758057603,1.279438475404803
297,0.06631923873722616,0.05192199658481625,0.8949990290440744,0.16922790740092514,1.0000987191051107,2.6144354488217645,1.3001999414204783
298,0.06666959696044293,0.054373607096846285,0.8310246763882172,0.18194906459773116,1.0719156496489313,2.680226231210878,1.3082843589409934
299,0.06268501826174956,0.05906898744509844,0.9849925005477378,0.1912334512803034,1.2093240899814175,2.720832828078397,1.4440295123844475
300,0.06620505554669101,0.05544811810081652,0.8478425936026138,0.1843990011864635,1.1103649544418581,2.544661984118997,1.3740990109102482
301,0.06453076312245883,0.0536386804491929,0.9694212656274037,0.1949381400745146,1.0566188562869712,2.744363889992137,1.2863002372021446
302,0.06505506065471053,0.05736801075034464,0.8968532179877367,0.16987134942829707,1.0764895006806545,2.468376872163221,1.3955849317388251
303,0.06661022160009691,0.05527573368684365,0.8488879031720853,0.18236656111160737,1.0737368326580523,2.5367762577580706,1.2313543581821398
304,0.06412300445668268,0.057619683038647555,0.9566168592909229,0.18406323524795914,1.0711145457271334,2.4052418329020213,1.3960910048402644
305,0.06700971316664309,0.050961502294081557,0.8699982396673002,0.19158810549530536,1.0972453293911795,2.4124301524933447,1.3971017220759538
306,0.06560379938058732,0.05971698140381945,0.8202467974442819,0.19498834906842571,1.014421848761283,2.7616757107285133,1.2693600093876534
307,0.06601620810435241,0.05387148184864404,0.8679227172481637,0.16226012707192752,1.1200833117120563,2.6057415283582084,1.423804097022507
308,0.06605933282398234,0.05141836404369597,0.9171135837087203,0.19144603505407987,1.1409305949979252,2.616498525454236,1.2978275574990488
309,0.0673277245542591,0.05116896586948456,0.8159193700255384,0.1875520498776825,1.1880836882831778,2.6344150569856395,1.4543229297954674
310,0.06446248662849732,0.05977519051420095,0.9040131351883212,0.1960377552602498,1.1506231813646455,2.561793799509942,1.3044515430341619
311,0.0636683162201847,0.058737853372820795,0.9507019852085017,0.18800126013513346,1.1411709137461148,2.7629526612307775,1.2820911475388905
312,0.06551568322065976,0.05052429642640294,0.9727928268156395,0.18397360080744063,1.0347860450478732,2.5907690316409746,1.255085709101394
313,0.06451609355871363,0.05576398050623259,0.9694471194693658,0.18399732843510008,1.1004704984954903,2.5447769367670077,1.2353007283943964
314,0.06654743203124666,0.051030415629418444,0.8954411174217716,0.19139787840335068,1.1089866707862353,2.6807562714394684,1.2382226812635144
315,0.06658538154588536,0.05300952585857239,0.8376950939958543,0.17905594090955523,1.1367737459474085,2.6872885449137494,1.4132721795126533
316,0.063858304133598,0.05572310501257472,0.9788739628897127,0.16330328965131827,0.9903493549631287,2.5278219926685157,1.4511331216112233
317,0.06336732550944114,0.05877457670752303,0.9760226591546166,0.16957601038777123,1.2031175918466257,2.6611522253511644,1.303916700014918
318,0.06461498168889397,0.05127767496104114,0.9693536661974634,0.16223010584316908,1.0864555509858527,2.792364472827859,1.4367230161498048
319,0.06586729797900909,0.052565343964899945,0.8714559364448325,0.18353196979250544,1.1864287515578524,2.8119134620559705,1.436823512653202
320,0.06681719460724608,0.05152361842297816,0.8441175983678784,0.16281888288636082,1.1476849494763244,2.605442237892105,1.4678328582432274
321,0.06650730072697397,0.04977990066481915,0.922730949363427,0.17428802706500596,1.0065158870702764,2.515951956443107,1.3010723274381795
322,0.06277216774973725,0.060038269818070734,0.9780619407737695,0.19280639445281564,1.0985693044505316,2.754853131608674,1.3486857955815343
323,0.06681633204751738,0.05269897448542317,0.8525923471899544,0.16648735276207335,1.1437617427158846,2.443926876112764,1.414171700546313
324,0.0651978110269168,0.05549272002792966,0.9219780708697484,0.19454423989527422,1.0592110686550011,2.52418511383273,1.3053678761491931
325,0.06668177346049145,0.050589571031409424,0.8594872334213116,0.1753843680538156,1.1332992773831019,2.8132292699397135,1.3701618867812568
326,0.06625763722667338,0.052923229831569815,0.8720662577797674,0.17674283451555137,1.0352888955722108,2.5183977489102727,1.440647426559338
327,0.06667059869099565,0.053904391392807186,0.8288350277394488,0.1811933651885336,1.1566042215828378,2.52746443268613,1.459169545387377
328,0.06297379953315138,0.057123878026264154,0.9845453041919644,0.17014288939225347,1.048319577838774,2.7758703982934274,1.4766867635787762
329,0.06414775667539174,0.05848947846250112,0.8928687310821944,0.17860065564053693,1.0639182992867546,2.7955517558092198,1.4653805357376055
330,0.06777596598046362,0.049772919300880146,0.8377185485539922,0.19734325284278223,1.0960455742062674,2.7012616781658725,1.221054872305503
331,0.06565432762300792,0.053875071217339435,0.8879459410974776,0.18132318412486864,1.158802208188018,2.7813596227678374,1.3211944117188141
332,0.06605483337439985,0.05744324303586243,0.8142199797834784,0.19320386000335485,1.0201353087642109,2.6384016872680274,1.4099390760173631
333,0.06446860048619657,0.05674764072814993,0.9632819101162684,0.16237572290627203,1.04702880773454,2.514062313984014,1.231274717811133
334,0.06537684141011985,0.0551769990079602,0.9175070360421026,0.17380409069085015,1.0425369530243402,2.348084159547445,1.4082171804655514
335,0.0654635199677309,0.05100651550232423,0.9240524534333366,0.16636142215067337,1.0188722578465637,2.774693854824642,1.4278149101837978
336,0.064878935602193,0.05744388006203088,0.8766600373324173,0.19515945190840672,1.1913557498129652,2.655205963782322,1.4589917296182302
337,0.06420018023560417,0.0592250389841239,0.9019469122975502,0.19409880860612969,1.0828669024769018,2.7449370441688647,1.351797704685708
338,0.06500037682315168,0.05687656083746395,0.8738671704679869,0.18206419700506857,0.993611485373977,2.758617546694804,1.4187176159055641
339,0.0638485050618984,0.05533414047132981,0.9874112856140237,0.1938923471861159,1.0126844005610205,2.7555909911361876,1.2832492076583994
340,0.0643257622229853,0.06044313684191365,0.8854269291024234,0.1818600568766041,1.1693949074581431,2.7649977385749396,1.2892613296565176
341,0.0649503125940165,0.05744776117029466,0.8816415302935683,0.18256940839110042,1.021541336862803,2.764301695257473,1.3348651880877291
342,0.06424650179486803,0.05921108463390699,0.8958406402114496,0.17463152424568237,1.0138384889956744,2.7901946786140357,1.3499435530365618
343,0.06497518612336338,0.05806390166071648,0.8820540600497377,0.1952049756983244,1.086754893465436,2.625469902357348,1.353742340481025
344,0.06477893416405812,0.05916505287491865,0.8973372961478379,0.18228300114263035,1.1259859581299834,2.4620056274693294,1.3437956434624465
345,0.06507376031232463,0.05209020288096672,0.9567339043171481,0.1789479257083875,1.1425436011827574,2.8191928503895527,1.2451056141279409
346,0.06707413245628137,0.0527871429257889,0.8148886823125169,0.1826763707858884,1.0678898603168425,2.8168244234807815,1.3042250812616962
347,0.06493337054011863,0.059748683847888465,0.8872675726118668,0.18118819608336217,0.9909098282130033,2.4549760387923656,1.3029844566911597
348,0.06450911314086855,0.0549055417072833,0.9571986474194374,0.1764344168978636,1.0063990738988209,2.6205037794063375,1.34473808422549
349,0.06676488032528463,0.054009705277286345,0.826934082553724,0.1828811742693022,1.2070470871927756,2.8378720115998326,1.225966072685283
350,0.06753145342347247,0.05042429244960261,0.8158344221157064,0.19789523318247831,1.1273216437661473,2.722634428197024,1.3829600216656441
351,0.06555419652742085,0.05833906369023436,0.8675352879595541,0.19403403384832651,1.0538569729758405,2.382236831285372,1.3527170579384822
352,0.06627387464122779,0.0528500000088648,0.8687688642202229,0.17278113661912914,1.0001906321340461,2.791568011151983,1.2888727378349003
353,0.06549173878769954,0.04987296302830163,0.9741797456619011,0.16874910344277652,1.0321816724811206,2.349029141650485,1.469529194367297
354,0.06656089602114285,0.05241846453728215,0.8568699889804667,0.18657417375841454,1.0476738786866524,2.634818029434663,1.386494746948996
355,0.06359549878110586,0.05884239050149503,0.9705223851671343,0.1851124191764391,0.99287758969062,2.616150477184208,1.272689699114293
356,0.0652880721249939,0.052301027428836425,0.9366360478283009,0.1957640682182672,1.1705736342841522,2.80792240313105,1.273413772403103
357,0.06421344522196593,0.059662931227224235,0.9481525780757185,0.1913918034199269,1.1575718217332769,2.4322459369052782,1.2164336476866007
358,0.06386358555926136,0.05702623190855572,0.9745936608835596,0.1720057582447829,1.0487299727754607,2.3483568602843388,1.4740443132777945
359,0.06592426510842994,0.05021634909594073,0.9491885613534643,0.1823892644898321,1.1298232069702392,2.4438337517962267,1.3652003724053912
360,0.06635257623674834,0.05444827129705051,0.8578478595719748,0.175862472127744,1.1059444031497256,2.56630957733904,1.3289651348583205
361,0.06457748266265473,0.06008461660121424,0.8585156017354598,0.18022358625206078,1.0804714755815255,2.7703179438959307,1.3911092669486618
362,0.06532237954981518,0.058414189430381507,0.8478585673161075,0.16668555778659616,1.0216126521575195,2.801614161280935,1.298791337646437
363,0.06544655340175506,0.05152809419893131,0.9494891487090737,0.1688173383903652,1.0854592323190344,2.431041230363184,1.4453613124454339
364,0.06544554156502469,0.055304618574064116,0.9047920838595586,0.17178406951904326,1.0650177389826845,2.460492372318622,1.3790288826741186
365,0.06408180073723789,0.05467256863890703,0.9868830110716936,0.17124924908601344,1.1986639430097257,2.6070062963787164,1.350634748639929
366,0.06467707312820299,0.05903202112939537,0.9175083782776029,0.16319054418062548,1.0406747772335658,2.482725826893864,1.2594397903887544
367,0.06592389934965705,0.05142813767375281,0.9578501746146996,0.1621729797425857,1.095987475383879,2.3868101897290366,1.2457054225605377
368,0.06534500901140003,0.05325492079296629,0.9414101520338636,0.17765553331275288,1.1102429094931738,2.4228215469649332,1.388304635185169
369,0.06449767202173315,0.05972884137861881,0.892355424787622,0.17372844014335298,1.0275844293164467,2.4664346562591546,1.435359407896383
370,0.06415721481534263,0.05424796888133286,0.987681340671199,0.1651505387030055,1.0950131339149347,2.6865619056180035,1.305483002210363
371,0.06606463599275159,0.0521804802972951,0.8744642065982222,0.18544439407860894,1.0469865062064874,2.8337268914809557,1.362435507257902
372,0.06513657347516576,0.05003797154339152,0.9732534119289488,0.18178441703624215,1.0119771671665792,2.664197453363232,1.3958287731996868
373,0.06476002527153547,0.0562556267954559,0.8837537688643956,0.18762863722304052,1.02201306130427,2.825598110278393,1.4598353399873414
374,0.06482077966360084,0.054397445070635625,0.9464923405407987,0.1963707625436245,1.0569074104960865,2.66742981531197,1.3008559876094
375,0.06414458772668255,0.05456446855583226,0.9625674224830216,0.16594861704981897,1.0408813545861657,2.786799467731506,1.3781317835737859
376,0.0659584308939789,0.05601217235768968,0.8202259866075451,0.195998555125649,1.199766822967214,2.821975360313382,1.4141290517181497
377,0.06714117820710117,0.050305630983547504,0.8571403883587367,0.19185827474641956,1.1977031118707548,2.589482767833201,1.369819566326493
378,0.0643977594674291,0.05497771725126861,0.9861053148277175,0.17996484683233316,1.1516793674057155,2.5292766779244014,1.2548300122164027
379,0.06353610006314284,0.06048504395653729,0.933860428122601,0.18113364948915378,1.0409691037580988,2.4809164336954224,1.4699851139150384
380,0.06494013196450318,0.05918675374560955,0.8748202567022293,0.19420737335585855,1.1134751538906782,2.6265216615337597,1.3140570913314789
381,0.06565738165889207,0.05986978047789525,0.8358384373313414,0.18220632182789473,1.1980593412933245,2.6033310259434423,1.2379803009145254
382,0.06620647302815193,0.05600571588444577,0.8315658253559177,0.16209052430721563,1.1819458453476297,2.520832220021047,1.4461649698581198
383,0.06473221234240009,0.056335482669544454,0.9309262475376285,0.16506355013545554,1.2014624167294803,2.7481635686889243,1.2170226126655048
384,0.06373673604568171,0.0564545711026868,0.9816807910814089,0.1732191757741233,1.1035700312870613,2.540832207108864,1.4048693577077636
385,0.06683707205271665,0.0553444222830908,0.8150662276593881,0.17424815757406178,0.9917536516892459,2.6019806297457824,1.3117044990782136
386,0.06528765474166331,0.053547092621088144,0.9413178607417426,0.16962304584979265,1.0647059532084902,2.419989665920275,1.3895707747715984
387,0.06600923459312732,0.056193346371196815,0.8206118064169642,0.18916667004509888,1.063531716501448,2.687511047347754,1.4655787748880298
388,0.0662535007116077,0.05339027312222382,0.8694918638864404,0.1804809887369816,1.109457914766158,2.8153507251457697,1.2265267590404165
389,0.06427155459926569,0.0595686098449104,0.9087408969518215,0.1718701496700803,1.002977523252954,2.410788563593318,1.4699097907072438
390,0.06794386456112222,0.04977625992723458,0.8263512349114132,0.1672557894768004,1.0263048695348762,2.4325112343367277,1.4059995291537508
391,0.06613896505602225,0.0581528471997973,0.8177163034578099,0.16774887280954343,1.120968519086043,2.579429336359921,1.3344138562907115
392,0.06471108348976007,0.05732616969197002,0.9071547402765966,0.17495855286184006,1.04026166048665,2.6766364452366953,1.334603195322763
393,0.06654897324850935,0.050201533368428294,0.8711236282176199,0.16991469242166538,1.1427756005121343,2.809846865688442,1.3853274462845284
394,0.06373084264073699,0.057123315665366034,0.9586496027293543,0.16778129610398276,1.1911484046096923,2.5806754748661094,1.4685977685579783
395,0.06474980001623931,0.05256800221730879,0.9743734725859321,0.19752303247631023,1.0996782742155293,2.6818116775759284,1.3023235321109312
396,0.0656391982887775,0.05902359090061237,0.828880772477131,0.19780222004508574,1.0721716710672213,2.830810453299355,1.216030032904369
397,0.06484235302345592,0.05701120345453079,0.9221842169866002,0.19773855958950373,1.1014376876714729,2.597796833832127,1.2610993959894106
398,0.067958169562496,0.0518885921656807,0.8182552662894323,0.1971995956308438,1.147796727846483,2.4388839513056615,1.2556986448753849
399,0.06586402062555438,0.05828387740549125,0.8339385067307631,0.1643836309174076,1.146449514019639,2.453035025906999,1.4083124689232476
400,0.06359141196701854,0.058088592116834016,0.9884921291401374,0.1868762102979339,1.0704013773171968,2.3649095500980226,1.3857395182168415
401,0.06483273010051685,0.05414778431392223,0.9497159799115046,0.18198517403388562,1.0285981445853503,2.571919623962795,1.3620018179664326
402,0.06344802557756467,0.05943613534998565,0.9392459207093637,0.1765808035316122,1.072696710560746,2.6902981339252534,1.428868863080486
403,0.06591340751950818,0.05824536281818873,0.8196790293121624,0.18362215457246361,1.1663502193222512,2.5009735991850195,1.447932688779345
404,0.06454892084869905,0.05369516273467817,0.9398751783595928,0.18148236702759651,1.1562050489253424,2.840150914948988,1.401226560910607
405,0.06717555266205763,0.050039303487684976,0.8558471432574085,0.18636478317303773,1.1372922005356736,2.7891587665601727,1.2621958626109397
406,0.06513952905439693,0.05298071847730167,0.955473891833713,0.1921733014543569,1.126086663920541,2.3876021897108783,1.4228550434163587
407,0.06524895040743853,0.05432361022500767,0.9364179237542188,0.1669816431469718,1.0989480136943124,2.6596903563374257,1.2151275825417232
408,0.06621300584980994,0.053814980427825315,0.8676522566584244,0.1892815884435211,1.1380721761179022,2.5447261357214486,1.3872403239564746
409,0.06681003715191411,0.05380708559735031,0.8189082642882429,0.17494310947280645,1.061322288834765,2.784502137095725,1.3148465687299153
410,0.06445500445440336,0.05983837801654822,0.8836872590814393,0.1836152650028024,1.1714405269640362,2.6430765249796417,1.380377416755226
411,0.06453576197580334,0.057774355467109115,0.9171049829069675,0.16995439091104483,1.0715760623696402,2.5644119818010114,1.3728105977014329
412,0.0644004981689953,0.05551697328416406,0.9426359181393411,0.18849215516091888,1.1879721384726154,2.6870789820209917,1.3777802587623698
413,0.06659727187711778,0.05023780040381519,0.8863671133439828,0.1890066132040249,1.171028643769787,2.7551283375933986,1.2974129773035579
414,0.06634956891164469,0.05138812740100204,0.8731445670242606,0.1806581277114539,1.066384319513887,2.7733501846406226,1.36842081551928
415,0.066377430576571,0.05149234692652141,0.8663379095189889,0.17306889642307488,1.0181965912137896,2.8173142566167626,1.3658937786486662
416,0.06445479914030623,0.05693818838957695,0.9185603214933888,0.16936083879828603,1.1048243367309962,2.6786351410578106,1.395043703436897
417,0.06580287599860207,0.05269958480499225,0.9155295623309433,0.19513758185465177,1.1707892347085826,2.4239655980220767,1.4175081367955114
418,0.06394317610781271,0.058636499432670325,0.9213423553888116,0.19241910926800448,1.0181205997950993,2.647425512418864,1.4442883417022983
419,0.065411639379725,0.05550907213770211,0.8725666268227905,0.19485972565213125,1.144698287237985,2.672650323925641,1.436607858644674
420,0.06631007320178456,0.05488933960571926,0.8175982468210935,0.17927646144048826,1.1991491102006422,2.7409018607441347,1.4477335087260508
421,0.0656417674156365,0.05251741072393174,0.8941763755454631,0.19034518305640463,1.0332999646230179,2.817627183982921,1.3823853815003653
422,0.06594238060135049,0.059375990797864486,0.8539473772117284,0.19172103369568846,1.1604883642924282,2.3489020288640865,1.2178733093818543
423,0.06416992350181848,0.05396366644580082,0.9791245759760263,0.19056681287499944,1.162790675420909,2.837384720642246,1.2767029147649378
424,0.06516328802962601,0.056432503197234966,0.9204668239693081,0.19199099124115618,1.000792169102137,2.4394063687595464,1.301727637545442
425,0.0650602611958146,0.052054389973126065,0.9430988422131727,0.1763340877964007,1.0912316659360075,2.810318480411892,1.3466425467691105
426,0.06646006176605043,0.05501520292056676,0.8482750678512124,0.18803733482731583,1.1585767185931795,2.6058771954629436,1.26967697712546
427,0.06535645351439914,0.05463620377925803,0.9201959267723853,0.19690030081855692,1.0835880660366066,2.3910413271767563,1.4141662356812938
428,0.06697325351713111,0.05377260993309578,0.8291133494053867,0.1647026279666145,1.1065226655670182,2.563842887517712,1.332056130137332
429,0.06504339653561211,0.04988879351175728,0.9768079128560426,0.17245427033183058,1.0933989751604432,2.8254633244769805,1.320662440315166
430,0.06590306252160416,0.05542430663540485,0.8781132942781319,0.16330806411916546,1.0438213551337545,2.6186426681364834,1.2604685351033484
431,0.06333575467974312,0.05870237532099176,0.9795823018903622,0.16505906860972472,1.03516620503553,2.4287965943012493,1.4513960485109996
432,0.06525776311927747,0.05629357704539443,0.9041102389448402,0.1899860803097966,1.05647772048011,2.509251880801231,1.3352836764801732
433,0.06427274386931849,0.05541200674722621,0.9204265221852443,0.19003995926773154,1.1241122757549808,2.851131130373112,1.4730503405647335
434,0.06773787367123953,0.051487535991577224,0.8234789858020395,0.1848543885343212,1.1012903328656654,2.3625716729069715,1.3948771321536957
435,0.0660712073345424,0.05647255929497464,0.8663218885445243,0.1958833683583973,1.0314123700019866,2.4319946659652705,1.290957266880499
436,0.06454989983805523,0.05807557312798102,0.9107959624836343,0.16725631699407612,1.192009678237701,2.562938751915145,1.3805728304944886
437,0.06646708563579364,0.05117243271608674,0.8824809312964466,0.17492716227377084,1.089950946194611,2.7814646650502843,1.278324486156673
438,0.06580127061981063,0.053902807140799563,0.861058785660642,0.1774940965939887,1.158171777303849,2.7110308215079715,1.4773355033503455
439,0.06708820199655889,0.05077766404285937,0.8620934068772383,0.1962193246935397,1.0311678060613536,2.625771435918851,1.2961639297314451
440,0.06377362083039907,0.059309620970979554,0.93911813902578,0.1848796394879739,1.1138520894561184,2.4506427287450903,1.464846584602371
441,0.06575460559579854,0.06014928478634818,0.8216406939925813,0.17444567260546523,1.2009807915213775,2.5971537438592183,1.270796896697676
442,0.06616461106066475,0.056280243426097325,0.8276558691380083,0.18006831093198158,1.1876223073707668,2.8004874807320483,1.2808650745808892
443,0.06520276794286681,0.056926000111443775,0.9049316528962876,0.18621180614858363,1.1210025124493939,2.4974882540312033,1.3035753910916388
444,0.06563443199755681,0.05693528991026992,0.8256037525266949,0.16589181326506508,1.0427208206973024,2.8150745703605766,1.438837309260324
445,0.06636449252545254,0.0562378254265683,0.8554706145778788,0.18054173401351642,1.0091162340367799,2.387346780018738,1.2977580422781667
446,0.06278498219967768,0.0589020455557382,0.9796174814634468,0.19166359099391833,1.1787645257743118,2.6748797907890838,1.4835243539200766
447,0.06495569148497078,0.05473451302552001,0.9457413074821315,0.17380645041617285,1.1347602133057053,2.592340348646388,1.2752012733347438
448,0.06435659836258381,0.05785373062844555,0.9362941371756508,0.1830554780638664,1.17700883634745,2.5547601886575095,1.3164222191692343
449,0.06680769593889986,0.05683926570622332,0.8175125420081342,0.18154909490341217,0.9969838008247642,2.4112010236274357,1.2973591826038888
450,0.06468142781541919,0.057333317599222645,0.8930113303321103,0.16755481248612325,1.1155374765656891,2.806041059914962,1.3528218902826938
451,0.06565246147948994,0.057456006468813284,0.8322307681204066,0.166090597663035,1.0858698854761,2.6627125932859554,1.4406318795553483
452,0.06516635686991497,0.05832477919544588,0.8534395218284346,0.1754266740610572,1.1489069654652286,2.5971781453712657,1.4585849333130267
453,0.06506496072007224,0.053759380135814945,0.8964017906377819,0.19297986250002838,1.1603682126595334,2.842923580650049,1.4654157885569397
454,0.0632684601918026,0.05967226345131299,0.9672659429295857,0.1874163807203509,1.1842549323703895,2.731485530204025,1.2707502015254208
455,0.06694955824355296,0.05734382308363877,0.8112552181507493,0.18058054841344684,1.097797812969211,2.3839877989123304,1.2540723323629177
456,0.06508400339978598,0.05905356389978427,0.9097774503221707,0.1827081906691257,1.0998909373581505,2.355692201255,1.225143081024826
457,0.0671135045355254,0.053953701050727526,0.8214994954689088,0.19135410614268517,1.1808091707653583,2.4987796572180105,1.345029953916696
458,0.06500456253527193,0.0539945584319691,0.929265373592865,0.1722279952152553,1.0421760224352254,2.5911093373077008,1.4272941871152478
459,0.06606037502972024,0.05235559597728513,0.93390280413764,0.1784744171960492,1.1821555997023832,2.443592144345364,1.2223590901962618
460,0.06681813581101742,0.05353106137508123,0.8283776300930213,0.16709352467154126,1.116663363279774,2.548959736530142,1.4269730353282242
461,0.0642506472205932,0.054964454131198354,0.9802002210614915,0.1626843708861734,1.1039253056518705,2.6258387181134597,1.2928078465800537
462,0.06573863994436697,0.05707169363773776,0.8501659396358232,0.16441610920548066,1.0108117973424193,2.458205694362859,1.4590839057297083
463,0.0655422789778862,0.05470718512100819,0.9120282414176064,0.1805212332671592,1.0722747395232362,2.6588168293050405,1.219749183484187
464,0.0650126701769167,0.05870856281070634,0.8887072200137536,0.17931737409086482,1.0471752835212713,2.6457737062333444,1.231824627443218
465,0.06389109473926637,0.05762652900579576,0.9842678793988753,0.16360125435844694,1.1778350418802301,2.5427185495743427,1.2259812256969695
466,0.06401507040406651,0.058387349421572345,0.961244078088965,0.19046499096545455,1.005004424440468,2.544232600087776,1.2527760574707274
467,0.06711264632664206,0.0531345754677348,0.8531703262931224,0.17898447847737048,1.1893279631246274,2.408082140867643,1.277518290636782
468,0.06574888784514446,0.058991936781976034,0.8297199209414614,0.196463972052657,1.160926574315658,2.744900530703655,1.2247363426836217
469,0.06490551934026223,0.0531722437633577,0.95254499513849,0.1946050979190358,1.2085914612248227,2.7218912218990625,1.300099273921721
470,0.06324829317780895,0.060361083484418675,0.942557693247854,0.18891828977055838,1.0684160156159999,2.73258556330212,1.3751420676714146
471,0.0661475359283551,0.05070842075875492,0.8870938515459298,0.16501461117253832,1.1444866435841423,2.6957960714182274,1.4700494778763604
472,0.06709719463243763,0.052385763101179074,0.83535720712743,0.196365100948841,1.1038664694304412,2.5062953983477545,1.3961902445209102
473,0.06576250022076305,0.05386730474108524,0.8844866603253199,0.18786070789012038,1.017958799536203,2.680713503272092,1.366655941556384
474,0.06435626760031254,0.05394726785228161,0.9706153710920242,0.19718413617623226,1.050957031206016,2.5041636255718545,1.4728196086878471
475,0.06585830932599221,0.04955372876591756,0.941128468988464,0.1705685765319669,1.1606024453823391,2.8220439844788054,1.2601039718899798
476,0.06457744339019471,0.05819838004148476,0.9245853936803651,0.16591547152982822,1.1209746364508362,2.549257893800523,1.2821742300167511
477,0.06499633275757043,0.05739244830364672,0.8758709147721473,0.1916476314421693,1.1211161584439173,2.592815376938396,1.4644481377801695
478,0.06643474917210872,0.052377989605112765,0.8395163698201248,0.18223464473968015,1.1640660573656345,2.8438886267908483,1.4146071637471076
479,0.06583772472808115,0.05560867247854566,0.8988720586246992,0.1955426039577618,1.129092970798975,2.4511939497791317,1.2382525770113928
480,0.06567231590132122,0.0513245443836637,0.9274670587256386,0.19297820745927455,1.1151560349580558,2.8347722493996015,1.2516363310931928
481,0.06630889711842208,0.055509204158748215,0.8340662897704004,0.18433524999572115,1.1179414792725348,2.847713012651501,1.2217987033310955
482,0.06729492022638703,0.052677513315796586,0.8431029152782366,0.19357501261779508,1.0247577429681427,2.4459840074350847,1.285285464555396
483,0.06674712575243022,0.055089356433538655,0.83772011474442,0.16833838536329443,1.0907473049608631,2.614104209312235,1.218142618636726
484,0.06521394207420858,0.05999630761948474,0.849576327568821,0.17850422884101308,1.0226503197544836,2.3698059089001764,1.4645369170590845
485,0.06648636777259899,0.051109750362818514,0.8771647012277296,0.1769578710324402,1.070984558114737,2.7885023023236415,1.3052487569978248
486,0.06683879228278243,0.052866026293039214,0.8550365583134087,0.178452575443645,0.9940098925788078,2.489095216339758,1.3464275947928737
487,0.06566464944540759,0.05857586698119022,0.8156152356494136,0.16737579427699345,1.158759122684515,2.832624878676797,1.333241437646968
488,0.06544865782295288,0.05958848945830977,0.8757414250203136,0.1845780026350951,1.1825450092713778,2.3824382430334485,1.2330057235418186
489,0.06603345923869461,0.0496901213850675,0.9253669739048256,0.1705787790639059,1.1541172344503603,2.764151460493414,1.3167032706975532
490,0.06451603016929665,0.05599972222622303,0.9778532522761214,0.19615348096311577,1.0964838776257253,2.376122921962451,1.2673151702379233
491,0.06626368233773944,0.05461306292470026,0.8277623134101927,0.1866205742132846,1.1728355766013072,2.716563161533278,1.4400677918034976
492,0.06594299496021727,0.05097716848657984,0.9289021418773392,0.17406675385651035,1.170070788700229,2.6034338132579,1.3186121419775403
493,0.06394646632518361,0.05398216835113838,0.9791454253783792,0.19754413147842304,1.1816017411242645,2.6959645511032475,1.4505389694685868
494,0.06470879370521176,0.05971541130320526,0.8931653851091347,0.19433365472444702,1.0055876871132876,2.3653140029968145,1.4103849482824942
495,0.06517281128563919,0.050783428130772246,0.9540019780900257,0.1924332476748837,0.998546959685998,2.59322715381358,1.481545752435776
496,0.06392577706899376,0.05804205645362244,0.9876580241090803,0.17856015246169868,1.1441202641439285,2.420292463295241,1.2306407417213732
497,0.0664154938877707,0.05806405797784837,0.820517547797032,0.19380031989545404,1.2072930645417124,2.452823151967107,1.291791918935861
498,0.06566226480832965,0.053614678051252265,0.9047623660329212,0.1779192829105927,1.006541090673676,2.5176465221798834,1.4058972312680271
499,0.06591210773116316,0.05544429175096978,0.8540421735209799,0.18102586358652106,1.1166438723426475,2.558833015699286,1.440663146612951
500,0.06549595075454676,0.0518986049054988,0.9696539020534657,0.18181420167101423,1.1082368485681835,2.5007082183046054,1.2196542511304957
501,0.06467311117016748,0.05813481006608075,0.9101650448256432,0.18715932761825577,1.0880791975714819,2.46961385157346,1.3886774929731984
502,0.06471781223827859,0.057643564832875194,0.8697791238431993,0.18988271983982954,1.1472226948926338,2.8260667845004486,1.4403291057262582
503,0.06678498564879448,0.05112448127977916,0.8823368502217969,0.1879783824783084,1.0193018302694876,2.4123533306605482,1.3938885788571305
504,0.06782564633743997,0.05084730413510688,0.8268558198472946,0.19036831740449603,1.144070332766758,2.3773541883935176,1.3844229167587099
505,0.06472207229953582,0.05853886246288638,0.8833024424822173,0.19779422147479103,0.9994189854328852,2.8575959217555535,1.2551566546808108
506,0.06423824178961732,0.05516131810114845,0.9649822488142382,0.18119826552097806,1.0808282182335216,2.7825731196609382,1.2730106146399345
507,0.06512135618417719,0.05843007957696558,0.8918646868479847,0.1758165308128835,1.175964536527403,2.5247022003965047,1.2701454603116349
508,0.06427832423027581,0.05514076866617177,0.9413180513778115,0.19475341589276174,1.0882241318587496,2.8066198769833606,1.3903498377146215
509,0.06597663034999601,0.05070056874164529,0.9091142053807164,0.17986970111262357,1.097948465319382,2.588228760564638,1.4642807263401258
510,0.06680277494036739,0.05533214430279813,0.8135853441503753,0.1785269697118692,1.0166469801420075,2.545939449570808,1.3699659889646383
511,0.0640384281833281,0.05395550953051284,0.9794466644182827,0.1737243885355983,1.116150769441978,2.7663560110810472,1.3762699717720932
512,0.06555976945619615,0.05167750647655612,0.9718039297275404,0.17849881493983075,1.059065848179899,2.4542052065862574,1.2316103120036646
513,0.06356652059972515,0.05907003800884087,0.9598108342668445,0.16729367821934582,1.0651168551664916,2.4970413046973903,1.4100641206828193
514,0.06586714684454303,0.05827722781443232,0.8432602220889508,0.19231322107983764,1.1205569554402297,2.4002879330399103,1.3776617847925685
515,0.06623206744172311,0.05276262687383394,0.8760994139894034,0.17396442804297313,1.105539448153401,2.512582234028895,1.4424258920475799
516,0.06530508893196732,0.057643130475340254,0.8536830658171092,0.1804459635075907,1.1277986391756274,2.6595996536056115,1.422193089867366
517,0.06668809401914272,0.05368072819241872,0.8310256824335273,0.17874570932027536,1.084271570552145,2.51340960934369,1.4685476243124673
518,0.06538978856229921,0.053481357757460234,0.9210397444929825,0.19354750035316104,1.017493301678044,2.4190907278568816,1.4803627840760922
519,0.0648233227029201,0.05527568610031812,0.9297175179419992,0.19631795554274897,1.1997524638971369,2.7236950633489037,1.2908692990318988
520,0.06600166398535198,0.053459187038208476,0.8760688743045162,0.1934276018274201,1.0002476983738708,2.5906249258906824,1.4191367818097778
521,0.06404585686212785,0.058736957249488936,0.9269745838440814,0.18675474517628768,1.1249238053296944,2.7676364542098844,1.2828087634088294
522,0.06504323257243927,0.05020264657406697,0.9883041490927598,0.18379095506231066,1.0143541559681586,2.7266212722127703,1.282494874107219
523,0.06486368642390644,0.0499193357951141,0.9785691701902685,0.1891319325498148,1.0093681894408117,2.7157900661768677,1.4447229067927188
524,0.06589847080426481,0.05614446908982057,0.8527812837991849,0.17255522636739395,1.0781039450578445,2.489119334940891,1.439373018298091
525,0.06449110165533177,0.057994665148294135,0.9516771718790982,0.18288703216881141,1.0461913662650406,2.3714605820046755,1.273932507791868
526,0.06428692936769653,0.05957104017809897,0.8923812593191927,0.17492428910253588,1.0387107975443182,2.5442305466055255,1.4809448310215343
527,0.06585618015889325,0.05101086970836612,0.928763043149478,0.17702284646086808,1.1115128818320243,2.456988908960692,1.4439141537649653
528,0.06703112246980897,0.052351290233509803,0.8454697671472012,0.18186938496520164,1.1282841720754408,2.503584996076652,1.3652948294931255
529,0.06688065895995901,0.05401100258177476,0.8181629204558314,0.16629568662379995,1.192058454828981,2.47331812216584,1.4725607308441593
530,0.06458671474136399,0.053647739666276166,0.9778065764991833,0.1719186497450833,1.0367016634728656,2.6093971406674026,1.3020579228432838
531,0.06481085875210729,0.05995015398114847,0.8621749907555513,0.19719734281870716,1.0851223893600639,2.574227361576116,1.4106306834428364
532,0.06636511719890531,0.05374677448973894,0.8775480833283501,0.17848785108466564,1.0698476282940461,2.418909720552023,1.3550846435933321
533,0.06522977111639616,0.057438857377288766,0.863586079920814,0.1925639554548577,1.1245523640711101,2.5411274595944566,1.4800412949232555
534,0.06562653318969949,0.054122272033649374,0.8899845108078389,0.18853389105733454,1.1942012398408108,2.639813976355834,1.3859049367534784
535,0.06750194636481398,0.05186297396910594,0.815534263463822,0.16892795569328192,1.0149715759679223,2.7032612469632813,1.290544445719474
536,0.06364405900566977,0.054027089372969,0.9893222987402447,0.18062247364038717,1.0240884749345154,2.82440232519036,1.4238362256678472
537,0.06534691013117219,0.053509634383564236,0.9303069066966584,0.17742983585979746,1.0480161256987264,2.7401094800816006,1.2340579033840455
538,0.06554718769684234,0.05885175344856097,0.8371726757071497,0.16443844814603298,1.131140497947789,2.4477595162558394,1.4649120072694088
539,0.0650335107448655,0.05561490675119626,0.944065408160317,0.17871216280011676,1.1167374773780847,2.4702735086737135,1.2559682478681962
540,0.0647777684963057,0.05405896768918892,0.9459099837335805,0.18063416167034602,1.1720163709974487,2.7832423920066574,1.2784443096172233
541,0.06466089291445602,0.057166013304976275,0.9108292730455603,0.173515289626626,1.0487656657483335,2.8494655636054027,1.2349516031960064
542,0.06718756896959438,0.05262171482519236,0.8124208240675064,0.17611291529692205,1.1938997346243057,2.524070479980642,1.4766012550779395
543,0.06290950083553833,0.059346821112713395,0.9880092864568886,0.1629214183245044,1.015826396053882,2.7348392013026506,1.3133087248385042
544,0.06697893207798603,0.05185816131680258,0.8404976265683213,0.1758594206036553,1.0609676524322973,2.6355123959562756,1.3779793781634313
545,0.06667806933497446,0.051146395916981995,0.883540949277512,0.171188561353045,1.0373592370804796,2.625915179573295,1.292688390864724
546,0.06753121521706469,0.05185586938393346,0.824041944402383,0.16282021184294784,1.1863381513259958,2.405659276143932,1.4148135934752597
547,0.06619082855223785,0.056000743661629215,0.8359500181202075,0.1874085685581184,1.1087943284443436,2.4369147447564075,1.4746841193031683
548,0.06662770693466874,0.050355341471532984,0.8515925831374367,0.16735020443907186,1.0451640097348884,2.814131875969327,1.4642179277981124
549,0.06468259823810527,0.054786853681727476,0.9411949339038839,0.1930639352256499,1.1073494137455013,2.6610939165637295,1.3579370507573674
550,0.06485391117989794,0.05806963969129787,0.8947092724530308,0.18111018984171856,1.019452179395026,2.577080294486802,1.3552077134791638
551,0.06449778613133691,0.05255387225891006,0.9688436498030021,0.19371040065215578,1.0040379062417433,2.729674200331779,1.4082414360243685
552,0.06425284687463081,0.05873662878148917,0.8962127240023724,0.18280914276310908,1.196905381675988,2.7582549120047775,1.4024800746048258
553,0.06532086571494361,0.052592827813344414,0.9388195077456059,0.167162691279028,1.1109644905615923,2.795969768129349,1.236178845540952
554,0.0636532485312187,0.05904800099247246,0.940850364279411,0.18124818770393153,1.1740167078682344,2.5302818514813854,1.4725915144294617
555,0.06578294163191506,0.0592290913210699,0.8148197438722804,0.18304525194377616,1.1373712245139718,2.4726684999080275,1.4619366081766703
556,0.06678534203937293,0.051253314978405,0.8234234513033029,0.16742273684236122,1.0746903838499866,2.851240111236155,1.4784664427134384
557,0.0648636339281092,0.053422824874272676,0.9426402235578194,0.18136628493416862,1.012927210011038,2.782738002454708,1.3239863933124751
558,0.0649819167785238,0.05881776406006415,0.8660009543289088,0.16311263737598589,1.1983086725957495,2.8416509571443367,1.2537761464046153
559,0.06617541553526056,0.05852084303994508,0.8489297225515678,0.16398450806370382,1.2029201764736313,2.360659173750908,1.2307003009900406
560,0.06469097608934218,0.058720077850690756,0.8890404436781328,0.16518350873734597,1.0252104915618518,2.6183715095071425,1.374242563514873
561,0.06538217140140082,0.055156651864363436,0.9077353967025734,0.16990097574290164,1.1406103906353962,2.555247386900257,1.33688343203777
562,0.06518227638926269,0.05168035327715545,0.9759752697927861,0.17716627425541054,1.1787510725317782,2.365301930328804,1.4067679717871169
563,0.06482769620934359,0.0566600237702936,0.8758714756921903,0.1800045525840424,1.1634680052297044,2.8280983528351005,1.4457756350804678
564,0.06595226796887736,0.05332104013217938,0.8926224296045484,0.18434523011776896,1.0883568932877274,2.5536533638497687,1.3700526260952808
565,0.06400497325657797,0.05506288290241524,0.9763282355062153,0.18824668439688447,1.0795718175567226,2.666241909376187,1.3734300784609998
566,0.06644432120612123,0.05152539200384629,0.8671818398007531,0.1730499526703539,1.0482932319062161,2.7576727682527724,1.3691710220538957
567,0.06604158967196447,0.057718104040995664,0.813849057382258,0.19241763442651544,1.1748524430509857,2.806773956734215,1.2835603281170798
568,0.0663095548481298,0.055831100520373225,0.8216566681481541,0.19676281376892565,1.1547406485583882,2.6944018393468516,1.366464456223192
569,0.06621188648251505,0.050987008011312125,0.9116804436194533,0.16628377163020747,1.1231165570581285,2.6173521645648963,1.315321200625804
570,0.06545943079102279,0.05951052078405401,0.8424650909773246,0.16584494259166863,1.2070133223029307,2.4773649277460374,1.3878431778858702
571,0.06326772205790199,0.05775590974486133,0.9765754716800313,0.16212568759629836,1.1857463167129214,2.775620788791653,1.35706733135481
572,0.06590800583745476,0.05904428463848455,0.828174204548001,0.1858826316923672,1.108389813055535,2.4351527800390835,1.369021140851743
573,0.06463171194412512,0.05871668923910214,0.9063303275894459,0.17783098423881014,1.0814013847083606,2.5568379531978707,1.3243436424711428
574,0.06718848573745254,0.05037903935594804,0.8590787547536091,0.1699179177946325,1.2026088861232467,2.6912048114248464,1.2721824533555348
575,0.06597190273423638,0.054018384547966744,0.8482701465413759,0.17209146252494198,1.162011462423584,2.758060812591621,1.452748537534125
576,0.06748934871185674,0.05115987468352705,0.8310126444125722,0.17351017749584735,1.0310810702202728,2.7266951312425918,1.2431054995171504
577,0.06569420787955071,0.05812840889120551,0.8405159110003357,0.1947350303668477,1.0313984424484284,2.7490666635203547,1.2529772627864295
578,0.06500418359573341,0.04988004986676913,0.988389569974741,0.1830209926951305,1.1938316177540482,2.6222996422326497,1.3895253707928457
579,0.06258107530406619,0.05859939483783752,0.9850396176947775,0.18050404780402513,1.1883327055494441,2.8044477302495183,1.4745483536886277
580,0.06476240398260652,0.05724958590247945,0.887521225498536,0.17691842480186964,1.0776103219922275,2.798210910761225,1.3668963060199868
581,0.06485814963183595,0.060334209590377934,0.8802639229136016,0.18307358813917746,1.1807781357778522,2.464178044009233,1.3163795174459216
582,0.06553895964917078,0.053133347292393544,0.9345708573524679,0.16920950645960514,1.1938366789019823,2.403303795964944,1.37973592564508
583,0.06438162648407472,0.05558280966307655,0.9570212269434121,0.17115870492533708,1.087570220763626,2.6601514345088413,1.3107928481033764
584,0.06380511886848964,0.0598647497675275,0.895863668346965,0.19153303300853333,1.1111799199568582,2.7956946154341495,1.4557082858138681
585,0.06381864776197253,0.06017764886042733,0.9214858957399316,0.19410559794639026,1.1614028677389325,2.63023626414182,1.3654970695711088
586,0.06383019818607537,0.05612555400586061,0.987990032696666,0.17920685435297518,1.0360755786568474,2.694956009836254,1.25898675658638
587,0.06644475355527447,0.053688963049833,0.8792618910941652,0.1680469551383954,1.0755458668750202,2.550274747971987,1.2366734276235252
588,0.06562025430025038,0.052025605723924596,0.9367422919377049,0.17225912275124666,1.0272192715109043,2.7228906979844316,1.229283626745543
589,0.06509508205029192,0.05857799905722025,0.8880617379145929,0.19151769203770835,1.1247780597917236,2.418190361910315,1.3570893904332144
590,0.06706895942807958,0.05260062070674886,0.8712263849139236,0.1817252091146362,1.1957668847405272,2.355227677199874,1.260525329573116
591,0.06464798591966289,0.05966382637668485,0.8957093723534724,0.19555557193517795,1.0821520869466936,2.383617890487881,1.4095245622635892
592,0.06486935994714968,0.05069889018371213,0.9550800153455389,0.19305210807882395,1.0629932730791771,2.798921226959197,1.4680450024810565
593,0.06350997529881669,0.05941220905332883,0.9891743956083344,0.186335738955308,1.085777227910798,2.3955503805214162,1.2778980438975138
594,0.06532179170257771,0.056847138996157245,0.8826965214179343,0.162106920850484,1.1394982674396708,2.538047374175295,1.3830926153248961
595,0.06704723586449003,0.053929451593873745,0.8274819647417313,0.17253599177334653,1.048305486261298,2.6600981806876236,1.23782799800314
596,0.06437237634214674,0.05652423448809483,0.9508986004649277,0.1753206859657288,1.128418956684124,2.4518831580786955,1.4021482994589234
597,0.0649182058888157,0.057670001822273304,0.8586443796155903,0.17969129221206362,1.1389596329497684,2.790730959703037,1.4553323482568978
598,0.06710609652791112,0.04950008276649936,0.8774131413903402,0.1924746680885048,0.9944266907893257,2.506581428368955,1.3817228051625792
599,0.06676939228052026,0.055873350204235187,0.8426800062478507,0.17587644738753241,1.1101122495274829,2.398420328111182,1.245672181750927
600,0.06656708211973204,0.05312195897373929,0.8870935692728799,0.17447222436982848,1.0988211956875313,2.454125443945468,1.249062687052269
601,0.0672719864907554,0.05134222403776252,0.8537354704414651,0.19586693873191263,1.0949271743459312,2.346416944490478,1.4061438042229293
602,0.06490795823414425,0.060248655598223684,0.8752814350611597,0.17860305563443193,1.139267697724733,2.3587300415212735,1.4046675367740828
603,0.06471456221363994,0.0586487132451033,0.9152528689459376,0.1755866932089068,1.167543381775315,2.462600629540578,1.301261262305693
604,0.06521462337043882,0.05095633470671908,0.9452349365368828,0.1866901068664696,1.1773339368530118,2.7565713865769546,1.39987649502234
605,0.06749439860338761,0.04991373660784836,0.8455040792433195,0.17221045523849443,1.0281634953963399,2.746142609822345,1.2467012481631143
606,0.0638783634664814,0.05646870657529887,0.988488766671138,0.19549902236869182,1.043021845276722,2.6520378129572517,1.2310894059238606
607,0.06607311257791805,0.05220567964066011,0.9173365879946171,0.19141873589148434,1.045957818646806,2.5268843039985978,1.28097402538664
608,0.0640225486479313,0.059313024306870646,0.9481259463671357,0.18597091530918486,1.0117188146644878,2.502395693427103,1.2792768143800712
609,0.06662404016135033,0.05181726635168043,0.8584896087351834,0.1931412103498057,1.1455493331924185,2.534630971323532,1.465527806308808
610,0.06597964891627058,0.05676704317154846,0.8409475040626074,0.191033753446736,0.9998698185011837,2.5935695838801505,1.3588869101958048
611,0.06479441388064812,0.055317566063511764,0.9024147251887684,0.166667476452317,0.9915385017088086,2.8565033506284387,1.3959017725122171
612,0.06596847165928502,0.05057987228011089,0.9059563501952028,0.16484780094645468,1.0656040231109563,2.7995629542517726,1.3668314952012433
613,0.0648388875270496,0.05686488370520765,0.9162422915518904,0.18234786060734426,1.1397127293228713,2.5569924961596566,1.3413171787888913
614,0.06502896181513082,0.05168152899253574,0.9375027351896683,0.18097768709954182,0.9993490121034467,2.8100890161785896,1.4274482905539914
615,0.066726449381737,0.05178893901683914,0.8743044804799436,0.170127216138063,1.180976093460497,2.6792521487138,1.2402855590138397
616,0.06515580345205896,0.05791246311600591,0.877310025648785,0.1979366288193114,1.0764209973133614,2.6851069329942105,1.2882138401408076
617,0.0653579365749633,0.05188083814754143,0.9164741260699122,0.17963838356182882,1.0284848311000245,2.847456289698954,1.3909998823943512
618,0.06477453771663694,0.058139064495056854,0.8680269787846441,0.1899353490039542,1.0206906745437407,2.6844623832317107,1.4782840566757147
619,0.06550882028020652,0.05400160832238065,0.9225323274380627,0.16994658767878773,1.0026716976409005,2.636312561619489,1.2456459212040178
620,0.06638786655365209,0.0530500654166654,0.8684566175421048,0.1896545659454694,1.039388760037795,2.6985553816502743,1.2841932813921004
621,0.06445264534539831,0.05327412153233339,0.9836116543277365,0.19751721906203917,1.2012071727121345,2.4103128321841703,1.4701285738020127
622,0.06583551800566867,0.055113329448540686,0.8802989515276596,0.1660855930771447,1.1780125868737275,2.64550196027497,1.280414111743868
623,0.06491059008872235,0.05409603603985205,0.9546801810721538,0.19601622435598381,1.1917261795562104,2.607124055479437,1.2773196125940873
624,0.06669645740442984,0.051892204079306795,0.8588761260995439,0.16383874757311237,1.1103713149934724,2.553332326338973,1.422752389441305
625,0.06550454276245501,0.05143349727802056,0.9204313019660633,0.1869667199637741,1.0555161280857468,2.781251611688088,1.3882180212638593
626,0.06514507035771507,0.052756944150480614,0.9042072820520863,0.17037699504552903,1.1558620727342785,2.837956522927412,1.4809332448912027
627,0.06564714283005152,0.05629360983425976,0.8821862520182967,0.16601183134185485,1.0853866760417548,2.5688157872986537,1.2887600768481193
628,0.06711401559726686,0.05310978221999439,0.8144948432107365,0.1667094796153889,1.098128178706962,2.6450852411873944,1.375438948136055
629,0.06578244395458892,0.054098243675773636,0.8945577657868155,0.16226485010500324,1.0986141428850071,2.775512822459956,1.21891200811048
630,0.06619556950784153,0.051286009369491854,0.8998204666657128,0.17528265506866322,1.1904532182575862,2.722334505478379,1.3005416349511818
631,0.06596506009104587,0.057087388152053144,0.8127492249928681,0.18823651012508613,1.1487527942470164,2.670752119141473,1.463822025832688
632,0.06677828130318669,0.0498573817739244,0.864044838334909,0.17001891317895643,1.0219281426382119,2.7831117203398983,1.3899935894753874
633,0.06720764305184757,0.05185780055553878,0.8610751993022698,0.16298151134464217,1.1202191728337059,2.460046905410651,1.2730426945413107
634,0.06688652199873174,0.04973268387551343,0.8760922261946213,0.1820307081338144,1.174366843770704,2.6683215824931406,1.3510493145534659
635,0.06550486408071207,0.05196334601280582,0.9118826735647569,0.16578283472651673,1.2084848039877856,2.6899134279418995,1.4562468998310405
636,0.06722693692697104,0.050402906463288204,0.8453186485004633,0.19785729525053486,1.1078057874010447,2.478895335645215,1.4735745295307527
637,0.0660569570231018,0.050779492220492904,0.9397090976906555,0.17794434334524784,1.0351194207335006,2.5349399449650876,1.2683792603559791
638,0.064678967894342,0.05773047869117553,0.9027606664385698,0.16303898623776156,1.0040711749033986,2.723273289399706,1.3127937658938325
639,0.06566103669812298,0.059202921873338234,0.8387476841479403,0.19132417674379804,1.2062512100173488,2.5523670827377454,1.3070251218221758
640,0.06469753175942301,0.0522985799799303,0.9441859029015018,0.18858332321184385,1.1617763741199523,2.765814167915495,1.484392319035533
641,0.06357110759376249,0.05880751146754805,0.9686167415806392,0.17758753728321613,1.128481680700133,2.6058516289573554,1.3033577019743803
642,0.06624569871778471,0.05229706954833037,0.8748947387599617,0.17829331117623742,1.1194396874486114,2.55683791604252,1.4561633560933132
643,0.06477249370955135,0.055269572610047946,0.9517343759152426,0.1884136284391474,1.135820625269583,2.490403823884193,1.3239790392510336
644,0.0652969720584945,0.06012175404258331,0.8580278422720241,0.18041464107217428,1.17064073971828,2.558474137694661,1.2453397726503836
645,0.06667416189590147,0.05421837647969264,0.8222504517352236,0.17390238254283868,1.0187025474529032,2.604597891602745,1.426126120384613
646,0.06596131999399191,0.052349120801988565,0.901173811740661,0.1905079102697093,1.0675260745769004,2.79323220308934,1.2435445483080474
647,0.0656855781498829,0.05289326283135444,0.8936309130581609,0.17487830936793525,1.1846324218790478,2.706342107882604,1.4079186595041555
648,0.06540172000838236,0.05188747978479734,0.9501825127175852,0.1867107139094574,1.078269167044092,2.4060999298640104,1.4396663691510536
649,0.06439276138622585,0.05428381038601268,0.9491012101589235,0.1901156698133966,1.019815079591997,2.7479857224849735,1.4112182415995518
650,0.06500965824250637,0.053321363852244896,0.9601738478356567,0.16274377603734627,1.0855178032122548,2.6336822304988683,1.263222964556265
651,0.06607785822414675,0.050790002376733645,0.9107591918459667,0.18450839510343736,1.1368009608438914,2.648034406621576,1.3669717045609737
652,0.0646505813433579,0.05605517707213467,0.915117420164565,0.1775111221704359,1.0749245912503032,2.6637133712267342,1.4262070414079981
653,0.06590809634598423,0.049584032936284064,0.958872880297092,0.17423435232216944,1.2071619065224088,2.6717246487638673,1.220651489098257
654,0.06449680815458471,0.05238706772599347,0.9781905545487741,0.19015498749450865,1.014195643697417,2.8486938212729775,1.2887180505285958
655,0.06474424833294913,0.055858765337908386,0.9437252960421022,0.1668345990032602,1.1624782501557958,2.392871045832821,1.3999771570469335
656,0.0658490028243091,0.054770262762472544,0.8685117876164591,0.18335539869337433,1.1006115525906606,2.7911601067648992,1.2841740149888055
657,0.0650850910475583,0.05272214305509222,0.9582610467073971,0.18767331558353048,1.0199320333953692,2.471056111786976,1.3979590993775668
658,0.06679397931173991,0.05234870836947087,0.8496591146823311,0.16857472356173026,1.0575771472790565,2.499782477837191,1.437140729373585
659,0.06568988095082132,0.05074490747729305,0.9444753646252136,0.19685331182123922,1.1993552381839463,2.5328129015869023,1.3789586728960335
660,0.06775824983931487,0.05143801200643563,0.8217506492188853,0.16605041195315667,1.1701650672149895,2.5104065697830866,1.310347550861971
661,0.06669563960581418,0.05069512601922097,0.8928189485550927,0.1971248781066764,1.0792373014781087,2.484650926842649,1.351130945146114
662,0.06309789460733803,0.0596893216998087,0.9484377053138762,0.1874749503632168,1.1021416070352346,2.8133583707721606,1.40350757318144
663,0.06566631817098928,0.05412265343673114,0.8935097874315148,0.1930575441349,1.0500196547699137,2.4789868555480714,1.4520986990779943
664,0.06734682312927252,0.04996302830149796,0.8237525733625012,0.18475592988951856,1.0221420794173537,2.710672362927709,1.4573812181323231
665,0.06649194878820679,0.05244272642583891,0.8884246101346626,0.19274611051335955,1.110261622394949,2.567738692080172,1.2527295707633253
666,0.0647831301426077,0.05915428639902639,0.8617378875376456,0.19362016110344613,1.0331910536313762,2.664517490631067,1.4375921488677148
667,0.0670286618726568,0.05608911413928803,0.8256104685582045,0.16510301468129548,1.1671405900178295,2.3853468102515434,1.243479172817633
668,0.06580107075841055,0.05791251405700296,0.8490378584875663,0.17806981380315967,1.1252938812676028,2.4923921763576558,1.3425093570496724
669,0.06632075971325539,0.05651595962985108,0.8269072776233372,0.17190124995043185,1.1515658182788997,2.639237226086968,1.3095141060129893
670,0.06383696565054955,0.057946839358663266,0.9451646850929457,0.1768779060634048,0.9981673024559792,2.6499468099264636,1.3972350416434158
671,0.06595526989272159,0.05583722092552932,0.846952442070763,0.17044171168226607,1.0523342125700292,2.607509930792199,1.406275270360689
672,0.06789807091022618,0.05139059279450454,0.8156457705311075,0.16719477704634875,1.1248474939086432,2.5195225672658617,1.293393648768677
673,0.06479360411538673,0.0547270436308672,0.9200344427607996,0.18924466330950054,1.099939513160689,2.7811140444297635,1.3779485732178354
674,0.063759102417482,0.058202668075949274,0.9579834289976139,0.18262772568486568,1.0562572096544673,2.41941679953649,1.4692856911718313
675,0.06462303316271703,0.053695306363626044,0.9730117371485065,0.17943261939406208,1.0725952306921427,2.4357215353349178,1.422860455606214
676,0.06497021964650637,0.05717094416053976,0.8809691172070312,0.17966309165845504,1.004303491374212,2.6039595423477855,1.458757938167166
677,0.0671087403692248,0.05333427928801464,0.8415818924860469,0.1917129942446813,1.1987338657840179,2.584338990362243,1.2193173595190456
678,0.06498457921596842,0.058501303536244255,0.9069460433534812,0.16315086951012553,1.042828239888944,2.4229515951895597,1.2910517127440102
679,0.06615495706237098,0.049693514751662886,0.9337139092431727,0.18511242765460856,1.155432095676252,2.343507034674703,1.4822991319065781
680,0.06441799822970284,0.056654416429215614,0.9085519295615629,0.16700330919089135,1.1766488959784709,2.7928072248584583,1.4241415853410702
681,0.06396722468147906,0.05609128084438504,0.9670483595967514,0.1770686204342385,1.1387928322562508,2.540451807865249,1.4384597479723134
682,0.06588196224741444,0.05556140720075095,0.8643824712874768,0.19145198874196306,1.1992232857437366,2.7027883274823665,1.2815032063022305
683,0.06729249497334847,0.05175704197391665,0.8486761094582156,0.19006889991411982,1.0440050320185676,2.4808247598767164,1.30961122238587
684,0.06548046497179487,0.054190164708804604,0.8778445931486407,0.19253971848076673,1.038587306254494,2.8351282367490036,1.3902457285117529
685,0.06551810787887982,0.05673885902097573,0.8944684118149688,0.17531103775681484,1.1200810102537055,2.345044496507619,1.3629508279659288
686,0.06529489160485007,0.051085375060604635,0.9475467113945667,0.19055720819187916,1.1722562835352903,2.618830511719462,1.429968566740473
687,0.06569052180535379,0.053732086041064046,0.87681640442646,0.1902220465964558,1.0847320981955557,2.63734796698267,1.4812514933471073
688,0.06378545717919054,0.05862492203797652,0.9678140170984483,0.17943769706594584,1.2065715186112738,2.458976958205127,1.3334636311607029
689,0.06557316842869998,0.052324249851966466,0.9483358215415448,0.1904646322135209,1.1748581758928665,2.60770313988429,1.2159598117464003
690,0.06337219609116596,0.06047041016064453,0.9523936375437749,0.16385187302413332,1.189477663988747,2.773891898747379,1.232460203947547
691,0.0670927491644002,0.05245434037793352,0.8197525141435091,0.18589047310227594,1.1458693160412732,2.6885031187159987,1.3754532021208465
692,0.06367498273716793,0.05961121952088142,0.9376525434369891,0.17651346182549435,1.1080880094540442,2.7727937688504776,1.2822095795914301
693,0.06703288514029707,0.05077209408849685,0.8876431309739167,0.1952531603083324,1.0153711220237944,2.505880154402672,1.2341625703959154
694,0.0655308215215679,0.058067939924956166,0.8477353635673534,0.16914420387480686,1.0109468569906905,2.47593167285588,1.4558471571556022
695,0.06320261161222336,0.05855010373606368,0.9802803317101627,0.16269901208358742,1.1877830462752652,2.6713437366501647,1.3558287070409503
696,0.06641720492153438,0.05306606919264972,0.8580878980472469,0.1790538167476503,1.1869906481636452,2.7961273322760576,1.274630233480776
697,0.06748850316186258,0.049566831810885274,0.8387186768278863,0.18935777753464944,1.1559310453704659,2.605291906792251,1.4068007133574054
698,0.06486306865244351,0.05537701128080681,0.9324474799384039,0.17669613199496526,1.1227803446466473,2.388804609266738,1.468379256741228
699,0.06471426784833562,0.05895346018340919,0.8890840940659174,0.19145487139965775,1.1417693117782814,2.4224401943540474,1.4628034381782211
700,0.06507947586804108,0.05219658020672496,0.9496868578105598,0.18264831581297658,1.0378479104908218,2.8245428132447263,1.2754939312014884
701,0.06486390024665065,0.055079209754006556,0.9217385824154732,0.18001593783764863,1.1005227145075749,2.81596157816651,1.2887739523056814
702,0.06643712411808725,0.05558196592735741,0.810247006985234,0.18062015798825576,1.1020387724357241,2.653684380640303,1.4409630113051657
703,0.06579277874832722,0.0602177623020594,0.8230340990941527,0.18665632881101624,1.0047471822228005,2.5264535779193062,1.286696865788143
704,0.06443973517559383,0.05279572395884653,0.955725747422485,0.1891938997407461,1.0539436114382292,2.7627593867767812,1.471730790224449
705,0.06449647071307654,0.05697048267447743,0.9489662847919235,0.17520339365022108,1.1340829882118255,2.565087670638948,1.2549616829201096
706,0.06471427589832278,0.05245819280799395,0.9490404833420714,0.16220239954198837,1.1234706089308162,2.705388428646711,1.4778784812588728
707,0.06600177644723065,0.05723937213981547,0.8502937951647337,0.18699713087359518,1.1876107707647459,2.5490774089328845,1.2766605760422047
708,0.06604581148619684,0.052841600251187316,0.9295880602543226,0.17241360361662478,1.047203976345154,2.421492609486142,1.229851711111028
709,0.06485990230770819,0.052443628790307985,0.9843000717623983,0.18721977248911675,1.159109091992298,2.63235906365388,1.2406712872541064
710,0.06545000880762179,0.05119532883442204,0.9391788707279699,0.16662803223217415,1.1173143912148873,2.559608431082108,1.4563031750372257
711,0.06510387680761057,0.059705427021476104,0.8713733113593742,0.18663345956730532,1.0023457168367427,2.5657065753329955,1.2689613890673608
712,0.06480238350990658,0.05853652060153676,0.8571941854209941,0.18367716310331086,1.0585891857980272,2.7351050296649895,1.4695849216032504
713,0.0665720045720186,0.05104983978163225,0.8702558436757316,0.19679189647450906,1.2085165707104337,2.5424332366942157,1.4718722603411365
714,0.06513861284522078,0.0522989143000088,0.9651007438181345,0.1893797931884627,1.1857400780551193,2.616734457322547,1.2752679045788673
715,0.06547843980198878,0.05608559398576831,0.9071854012803386,0.17326845857500964,1.0338004941509922,2.3850781409238593,1.3311964103895095
716,0.06613538705439742,0.06031447150605457,0.8164711485904099,0.19396626746571527,1.176694949222501,2.4311588415691814,1.2438812945926565
717,0.06580552329418396,0.058137040441364446,0.8480416586017616,0.17117778305944664,1.1572749695669757,2.4603752740399356,1.348780773105609
718,0.06637255873256379,0.05188111134241418,0.886344760250599,0.16806523200514623,1.1566082342810442,2.50078111776568,1.4080973785630655
719,0.06545343118208144,0.054601080280680565,0.9000008422036793,0.16445720137417996,1.167392746603967,2.4638438580502444,1.4655731593945145
720,0.06611885800238061,0.05879548542043158,0.8120195705402695,0.19048351408191586,1.050721392215731,2.4807016509365303,1.3815596141441226
721,0.06448785161514643,0.05809503245630874,0.927452512417146,0.18619860777408268,1.063014763710016,2.669681858806544,1.2278319072446136
722,0.06554991140389377,0.05097528025731943,0.9143134566444658,0.1766557415902994,1.072087257744398,2.812402073545963,1.4314815628108553
723,0.06601126078751472,0.055776687787122595,0.8669201860969071,0.19344450937485652,1.0671488627474162,2.645504673551968,1.2346834597489038
724,0.06542377080109485,0.05520844667308616,0.9112369902330018,0.17212719698168966,1.1717314284954725,2.4047662517944377,1.3892601716048698
725,0.06356112219561565,0.05673448372803355,0.986741626897124,0.17570108591070271,1.0904066711708806,2.7860901791835584,1.259973388665528
726,0.06591064412589857,0.05983367692154315,0.8270224602227678,0.1958451837717654,1.1141366930060013,2.3571771640473984,1.3542654174413995
727,0.06337156578550755,0.059132585959535064,0.9884405422749272,0.1627495185349381,1.1674056424064618,2.548441313317141,1.2664637972030346
728,0.06673440638951181,0.05279091221112704,0.8563930463896448,0.1978557267127429,1.0344265466694218,2.505855760841148,1.3699054931674468
729,0.06542603676794082,0.049652408198562516,0.9685597685858545,0.1626659322275106,1.0433737743788407,2.857081826310247,1.2274986510376622
730,0.06576307105302347,0.05709433325653471,0.8749637800183165,0.1797592365897248,1.0843154301368432,2.4447789701787745,1.2958959617855124
731,0.06668256995345868,0.052133864712138545,0.8709714831862225,0.18074849665920603,1.0867328272854544,2.5017897238601625,1.3605687426847526
732,0.06366492246510727,0.059703614427897435,0.9366056868042423,0.17835555658879385,1.1958190018728054,2.4940186319333466,1.4609410993571579
733,0.06555323916348663,0.054729286376805485,0.8691812194545604,0.18675006965803362,1.0158627838953178,2.665480819299624,1.4794103368761544
734,0.06611037862828967,0.052216662883436814,0.8828320799707929,0.170829740528313,1.1939883857560178,2.7200913609382917,1.3619456710381275
735,0.06455950617874395,0.05516592704235945,0.9634470209209067,0.1653277700511996,1.0888965051242507,2.568819178329033,1.296984210728876
736,0.06508313387831285,0.057288299263546186,0.9194901724775687,0.19183379914795545,1.0098532984732214,2.4375097691454477,1.265421789183515
737,0.06427839307582066,0.05725715939321596,0.924520334774347,0.17038202218231369,1.1972207604002918,2.546805567013392,1.4806162419495736
738,0.06660209606813884,0.05263043210550752,0.8552794115452796,0.18581946337118793,1.0599755387968235,2.69714558673349,1.322246505725524
739,0.06728170131631371,0.04954510319856275,0.8713433775683991,0.17076336184672244,1.0310356677773242,2.4267402559420765,1.4025945348398394
740,0.06644648811106249,0.0539285940554197,0.8518025572110618,0.1695045514778105,1.1833392045107705,2.7803781602374302,1.2397534166834214
741,0.0662189806652105,0.05522025816405024,0.8169594853593228,0.1795658882961067,1.1972781464293867,2.7116870275430456,1.4768701670222337
742,0.06570127491447433,0.054809362395325224,0.8628211278228077,0.17341947292691823,1.0055920081133638,2.6941278209628416,1.439618769309179
743,0.06520008139095715,0.05617804028991835,0.9097840321642662,0.16780487772148517,1.1375073221013163,2.562824079299626,1.301046169299232
744,0.06726908077896045,0.05078086207425047,0.8335302690984064,0.16694331451662872,1.0410177957878588,2.5210188803823126,1.4785527567290515
745,0.06679784996500843,0.04952048945689811,0.880311539769169,0.17822558427404767,1.03794284015981,2.5958174155381983,1.4264019481012669
746,0.06331909651394729,0.060320296394979725,0.940165534077855,0.1676448421509753,1.1791812850490813,2.723650987596656,1.3748095695886389
747,0.06435836327173858,0.05960040967493491,0.8937940531358718,0.19136661259703103,1.167626353927357,2.7565780675524034,1.3008223199087616
748,0.0655318493394317,0.05046987773510549,0.9487667401248897,0.1907262340316737,1.0651715896214267,2.8562538010465475,1.2339364977616738
749,0.06707733786618608,0.052883518008235694,0.8594000906657846,0.1647181854152419,1.1476749027146849,2.385692757676213,1.2913551983193468
750,0.06504582582371204,0.04950126504118393,0.960947125246987,0.17131287726866515,1.0977548226781988,2.8441705404917483,1.4422791501892003
751,0.06302249260253198,0.05955892879331238,0.9678298095661593,0.17618141698968923,1.0360233631223632,2.7951146653633474,1.3367836889521438
752,0.0640597001029281,0.05934199586301271,0.9127348580109048,0.19054262246927267,1.1037939146231879,2.7118657870054794,1.3496031117526992
753,0.06323223334987368,0.05661409258119184,0.9836094748016981,0.18678306308917994,1.103476540540168,2.8584113824939616,1.3694293483585638
754,0.0634792826823889,0.05959899449135868,0.9418258457684711,0.19276180818361835,1.1981347528714692,2.6456995991936005,1.4094160661529842
755,0.06768278364725172,0.051883240801647315,0.8169454369060236,0.1785300700723189,1.1143246294087767,2.3413779132147168,1.4374205506597322
756,0.06577053230243203,0.050513646512880296,0.9232555609221581,0.19193030493023275,1.0194063602257295,2.709507982147657,1.39256014646579
757,0.06416117044414121,0.059799131688160374,0.9150730374999926,0.18056015800043682,1.1720636704471614,2.5784749133979075,1.3417078979188997
758,0.0631600609725015,0.0597884349537574,0.9695810514971117,0.19562168557687498,1.1420468427869408,2.644919273707992,1.3423536548762693
759,0.06386584445553636,0.05588520913978926,0.9811453617894355,0.16982724354301573,1.0477387065350101,2.6518451467946758,1.338570843285761
760,0.0652480870316218,0.05073000045675279,0.9713689836984323,0.16915346878807816,1.19797695824901,2.776356951886669,1.2323996827569494
761,0.06697638162119258,0.050805222708683026,0.8551494066336535,0.17233976341079038,1.0539678708779148,2.716141388864757,1.327919495292882
762,0.06539509020918685,0.05399845829785114,0.9387733337908608,0.1767914459864744,1.0656906604613163,2.34867531938178,1.3687003125521322
763,0.06478210920647189,0.05446100539158187,0.9827830864668958,0.17370731288146088,1.06573465387027,2.3716530674549197,1.274738240626209
764,0.06472657636311817,0.05314630687755166,0.9411015599193399,0.18669380680610692,1.1470779190830007,2.7588582013869365,1.423328816889325
765,0.06716788484614682,0.05262503659862446,0.8349719295781016,0.17833425368464503,1.1226804154028593,2.3945445888719097,1.424873094541442
766,0.06558308726664151,0.056087960269180996,0.8572629704582376,0.1828061744636141,1.013668844722366,2.5749072842823026,1.4827910577393104
767,0.06519095541632632,0.057426726499211045,0.8522269909343713,0.18933632618498017,1.0186296526751681,2.7770728079599616,1.419516375686125
768,0.06271633002780595,0.06047402749096664,0.9845149656078463,0.196233086888327,1.1090226558059093,2.742813832701115,1.2982986369896037
769,0.06751904452005163,0.05078432949438344,0.8350230833159524,0.19537313577260368,1.1152378792685955,2.370813827576692,1.461209659110778
770,0.06390684021414185,0.05843381420152894,0.9602938873654779,0.19639426710166674,1.1257547001600743,2.452943890522082,1.352150258556573
771,0.06755820811628106,0.05086153321473227,0.8342355442957516,0.19269484143459625,1.1329257182849064,2.582903563167223,1.308603719577197
772,0.0633854153945667,0.05729256707114029,0.9782320277817909,0.18231263660434532,1.1710743410898672,2.730727310421264,1.3659226462722436
773,0.06548176327396676,0.05561334727948816,0.9111414643928258,0.16893362650312005,1.0937289838161632,2.4035769918202194,1.3344231518615273
774,0.06625500711405843,0.05670789376419365,0.8154638403928789,0.18993125905810468,1.0131939561724401,2.8565572473902514,1.2500539937835695
775,0.06442766792549172,0.05724789038077865,0.9312811285682443,0.17781988405312749,1.093609902417005,2.6108113203034775,1.3398414361117394
776,0.0643111384841247,0.05415781003177092,0.9700480035875787,0.19514489693302503,1.0992727840272665,2.7912518693938386,1.2916280445372175
777,0.06508314094661888,0.056671629928616726,0.8997068572747452,0.17121962967583415,1.0548303841072257,2.782524592879505,1.2273645128605761
778,0.06490599231962971,0.052789120448726,0.9866687385247647,0.18095318795990956,1.0626949458665385,2.444987372909815,1.2999306231143943
779,0.06664838464050948,0.05244017933379991,0.9072989280831043,0.17888978749628848,1.0966527148527556,2.3440879364725653,1.2192067221116336
780,0.0638449746785398,0.05671246022795482,0.935551611770554,0.18096676310995988,1.116428120132261,2.791088155256697,1.4703829210471797
781,0.06424727419164311,0.05968693089621246,0.9075073450747235,0.1712666803902216,1.0899697322249868,2.465586171633561,1.4408049419850064
782,0.06489084530348095,0.05818742880279289,0.904393315431836,0.19777746027401688,1.1407545745852163,2.4255874387613408,1.3613547650031264
783,0.06659805696854508,0.05725093736581177,0.8168460284008312,0.16932438248732423,1.1358009895263375,2.5896203969498433,1.2335678648277528
784,0.06476284389724861,0.05683787025434167,0.9367395648616323,0.19666366745311176,1.0155013305824647,2.5439504630979526,1.2512176179136556
785,0.0662944042272513,0.052255167969058686,0.9117514718523888,0.17046800222091335,1.1411076023474716,2.474310357867278,1.2622671378457824
786,0.06700371073365545,0.052014820565154066,0.8519316751323729,0.1626324334578216,1.1739139675793175,2.349519022701877,1.4659018437396256
787,0.0648644141644283,0.05386967043431755,0.9622698986974599,0.17234913054312656,1.0028515429882323,2.433182980084364,1.3854902123256116
788,0.06341140628084742,0.059664274421301566,0.9395358348096697,0.18208118004090715,1.1494261005970852,2.7644287202351294,1.3716457755812432
789,0.06592069108072982,0.05129782520097273,0.8981083681955954,0.19051181995540045,1.1227150446032441,2.774082401868442,1.3820628275058546
790,0.06368633841987126,0.05547819986043754,0.98752019633313,0.1705647873050658,1.0887329291829573,2.552483637772983,1.4662886367174253
791,0.06470649875222804,0.056713133816499166,0.9236734222037831,0.18481396947456408,1.197062162959796,2.5896858941739227,1.3368769810695202
792,0.06387870065849138,0.05882761112221466,0.9381211736717223,0.174831015202918,1.1717749796187529,2.477789351582391,1.4562406339444758
793,0.06475658464208622,0.05220509605794032,0.9671553623356618,0.19704612169439006,1.1229506765966988,2.8359802382622643,1.2781464887467764
794,0.06449549879586716,0.0524112956404225,0.9521594052473731,0.18231383967557468,1.152621802201045,2.858146114115974,1.4453019000246432
795,0.0653352735438544,0.05654644079756546,0.8758232019250524,0.18673701897384065,1.0197753877632294,2.8583199952626783,1.2399801287137633
796,0.0639393918582298,0.0573034264667755,0.9669143526037742,0.16305864260301137,1.0459644094098315,2.4140849597535223,1.4286371453232618
797,0.06511867284356784,0.05459175694839513,0.9322385417234839,0.18962102657978383,1.0373204677061312,2.692019683313736,1.2441676319041215
798,0.06539861873904422,0.05198350025628365,0.9101732201386813,0.19776377502996104,1.0728754372126403,2.7421993570490035,1.4686033622494143
799,0.06455412413086827,0.057541494700109906,0.9177610402450398,0.17540974803128404,1.1063816681049696,2.599039723540731,1.3582083215619825
800,0.06343589422237403,0.05962182721036441,0.9391268540770347,0.18911820637089205,1.0426148286597,2.6339507584787247,1.4519188223823856
801,0.06606333938764698,0.0518765275216199,0.9145847600966249,0.19369829599280447,1.137245066706587,2.6410262887838325,1.2561227182928183
802,0.06402212850168232,0.05901673977686949,0.9325814721674828,0.18819022758575482,1.0266970260873964,2.3946840686030413,1.4714374497418723
803,0.06553492428407567,0.057547766498405935,0.8511872052402554,0.17864994136451934,1.145622130941606,2.682269462898612,1.342570342183168
804,0.06444244253255585,0.059278530723605144,0.9234372979598615,0.17338561756610232,1.049543163966197,2.3675713968461,1.3628787670290565
805,0.0646939319874363,0.05437001300001161,0.9449170318119605,0.19628002124362226,1.060538043912173,2.5280585391920707,1.4515827653655182
806,0.0657026064501342,0.05187048867703533,0.9623787989438387,0.18928711731559608,1.0195524285225586,2.4472753588363014,1.2217563475758995
807,0.06684794471682268,0.05126460913299254,0.8831619623297987,0.19644336227061626,0.992028196187485,2.4094248659751427,1.3527424941305048
808,0.06515355591287131,0.05950735071458043,0.86629090324725,0.17246635837815252,1.1162632352010622,2.6871061591359457,1.2228297354438165
809,0.06772912778002924,0.05054203322203651,0.8171463985641035,0.19117924315908313,1.0158682585303003,2.8275125563697805,1.223519240828807
810,0.06644087017083863,0.05156787984677674,0.8682592663811592,0.16805714144585204,1.1339471199584028,2.844627249600145,1.3043962191208622
811,0.06547328257535445,0.05068032757954981,0.9527112829159705,0.16269530937543789,1.1224363599784646,2.8164607873155076,1.2440155450259422
812,0.06580077931086306,0.05505107844888303,0.8593178977371536,0.16215394014242743,1.046296747050094,2.7436122989535554,1.3721139521928774
813,0.06351614201795308,0.05950851768768365,0.9596256474327636,0.19476166610798912,1.1564361685631506,2.44173115937598,1.4212856428621614
814,0.06604126021227424,0.05874035632762147,0.8185730652114387,0.18384039423337994,1.0182151302028406,2.4932921631931046,1.3688739136603405
815,0.06515845133629719,0.05855677342525569,0.873599177709946,0.16365911233523223,1.094815625085197,2.483943683154293,1.3893038948370988
816,0.06597950804950198,0.052698574660235156,0.8952963500839148,0.18966012249984465,1.1941219601624948,2.5098826100746376,1.4224427345379227
817,0.06437895016622938,0.057587014095944425,0.9185829056058178,0.1786783229606729,1.0961558497789379,2.602366991447399,1.4144827900324397
818,0.0668472901348845,0.05469878756926821,0.8499029786138254,0.17774483887275377,1.0137968428894806,2.410502999504059,1.265627812755062
819,0.06488691659741755,0.049532393487040714,0.9802440368401182,0.1643363725145446,1.0674195836179798,2.810698146712803,1.402832309943502
820,0.06711070096627957,0.05130545117660381,0.8674897097374402,0.1778121461612029,1.0105703271076667,2.438505023799558,1.3308393095126867
821,0.06369292925305581,0.05968471699407526,0.9289096946831071,0.1760031999079187,1.0671156831287347,2.670064662721672,1.3902930391474257
822,0.06446594337257337,0.06028107593309559,0.8915770312036239,0.18811149804030639,1.1834143619815731,2.6044655017931957,1.3112026108799977
823,0.06736531473103534,0.05048076179311554,0.8394593408876476,0.18864759391332891,1.106461452609343,2.719852234337356,1.2975258049996101
824,0.0664096521669009,0.052286138838890446,0.848835706435684,0.1622547046958203,1.038874487216438,2.843477853093624,1.3800416734570145
825,0.06398259514320992,0.05972003743031044,0.9659397042791273,0.17493252318975525,1.1514655300381074,2.348850324478061,1.245300195001503
826,0.06515377051522983,0.055470855820257924,0.8844004410960943,0.17052269746036533,1.048626050337925,2.6984365559498267,1.4555249974984676
827,0.06465024478618206,0.05608483768296322,0.930175617236621,0.16670939095398682,0.9981165661549348,2.846787677583018,1.2154486059153915
828,0.06689697963694564,0.049681683143104144,0.8918598747568884,0.1776582446427659,1.1872494792140176,2.351018661446315,1.4552936175628899
829,0.06412610657321098,0.05723964380039634,0.9427680829624423,0.18925689475835816,1.107216788781881,2.7386637770669418,1.3010155088657511
830,0.06590821795316916,0.05355954391999937,0.9111734369195404,0.1900802143368616,1.146168836854202,2.362551318673121,1.3695725966729775
831,0.06344738336930963,0.060181279839775004,0.9620515457844581,0.19532364150027665,1.1717044570081638,2.4636345978970886,1.359581547901437
832,0.0656383149551545,0.05874069110923971,0.852827309848027,0.18433531874777132,1.1761275039109207,2.4373836041441685,1.3427143391577723
833,0.06481094121768144,0.05066550455587117,0.9825204340437561,0.19012472000566571,0.9950556154095663,2.5666254934489694,1.4702143747221144
834,0.06353972870373406,0.057950623307298804,0.9814973148636736,0.19236376994897583,1.1448744043022838,2.498979342012297,1.3742338706953092
835,0.06596474174797658,0.05384282143436413,0.9121134659309215,0.16743903072220448,1.1506069455641057,2.360486677035484,1.3224236902531292
836,0.06743065152981248,0.05010319567782345,0.8685819174971589,0.1773120426084042,1.0540646054388547,2.4643642353818698,1.2879117417120125
837,0.06543125554118055,0.055266556410257614,0.8718098441427357,0.17296145335911825,1.1857692051219737,2.665220799853369,1.4637096634684732
838,0.06657493140315165,0.0496788894438142,0.9282483736678915,0.17274606641603527,1.20105663001256,2.4655735611007437,1.2786291235189116
839,0.06416558631565274,0.057881652241847256,0.9428391994593993,0.17882059578870363,1.1350948485393724,2.6966538823597666,1.2577561913441664
840,0.06631311163092324,0.05837089105167932,0.8208109053422838,0.19078739873461023,1.0681782954744783,2.5239291550005962,1.2599029705943983
841,0.06676144338126153,0.05644961375214248,0.8100177657399178,0.17278415862564617,1.1810172901996743,2.397993426703691,1.4041234718798854
842,0.06407346943915349,0.06024279382270865,0.9209791385880186,0.17135005184568092,1.1766883951151887,2.627869814922693,1.2700337611792107
843,0.06655062260416852,0.05127377646988128,0.8662468289671411,0.1832648555693494,1.193627716109922,2.7243079095010287,1.3726678292438967
844,0.06338082849047741,0.05689959752927823,0.9626614674662781,0.18302472545549903,1.1412769293209695,2.813118813996772,1.448304015947954
845,0.06508689968587306,0.05024226767555424,0.9539206164507952,0.17092943572249453,1.0514863411125899,2.7334883641053684,1.4771233336736624
846,0.06505521270164502,0.06033427044567141,0.8504326310546013,0.16280341522621514,1.137602292845572,2.6364207152324344,1.3227624542025098
847,0.06644361216336558,0.05448731086789706,0.8683264871348324,0.1814521432322796,1.0624490682395835,2.445692287218905,1.3006542756167105
848,0.06494458747237067,0.055456778474973836,0.9004526765813415,0.18147382539229173,1.0036512440392094,2.6679019448049712,1.4545006208324327
849,0.06464584759772687,0.05807087690091049,0.8775302676283003,0.18291607216641412,1.0557166501613586,2.685063135975557,1.474819678783981
850,0.0655294272674154,0.05927414986183079,0.8595240527567827,0.18750645280127423,1.1189873638602648,2.3898960043436266,1.3267162664958059
851,0.06464015228971243,0.05337376535634554,0.9664021962971621,0.16865070441922891,1.0726886966196245,2.7381214844123276,1.2953392004765483
852,0.06468896445470894,0.05051766759615822,0.9895848054517139,0.166900306520528,1.1952110245626275,2.770667212153489,1.3576747982702537
853,0.06572075431443923,0.05344010622529751,0.9428894634695927,0.17588758863111045,1.1805629327653278,2.4054648031043278,1.2277508355362616
854,0.06331599053982172,0.05841457162061706,0.9651093633416905,0.16859992384878703,1.16902260641889,2.6760863912166744,1.4154752821157595
855,0.06541207604729718,0.051400274157433486,0.9679700040420046,0.18935379323538798,1.2033434092144524,2.5699939135972842,1.259080798671893
856,0.0661165815225016,0.05326839776055203,0.8809155995571776,0.1804825923598191,1.0330807261774073,2.65727026264694,1.3201676259106072
857,0.06354167458259631,0.056104694861310214,0.9868910743628874,0.1768256182355908,1.1319276750795135,2.621063648418609,1.4260868697923632
858,0.06488522524513604,0.053925448879333635,0.9145942339626003,0.16801566823258227,1.0294742232035694,2.762135343605303,1.4646764733605202
859,0.06620472090532309,0.052731725352819746,0.8660401511033553,0.18537387056237092,1.2033890696991634,2.61702153227649,1.4489971803130677
860,0.06569846801336107,0.05051410860705995,0.9126501875883751,0.1857773956681861,1.0195756390109911,2.8494955399363384,1.399696276000789
861,0.0652560751041843,0.05433093470990057,0.9363901330977038,0.19476758462293783,1.0060933766208062,2.5498694082432616,1.27763172821308
862,0.06425038282957243,0.05804505121501582,0.9321655357063088,0.16590140934714645,1.151120784286428,2.734201234875532,1.2564454364028623
863,0.06443610794056573,0.0559822369970827,0.9243172497213735,0.18451799454271403,1.002212621565518,2.782617946595456,1.3816270272025277
864,0.06687420475837885,0.05273266132946232,0.8692765174514009,0.17366169346681873,1.0725746958715205,2.3582144765225213,1.337867435978308
865,0.06466882806965615,0.059261447911456315,0.8796147959121249,0.16606853813177058,1.2029325861966873,2.5818652031749227,1.415583000247258
866,0.06443490906685458,0.05675018196385999,0.9409383564063867,0.17554175036114414,1.0389555083138249,2.525734500352329,1.3750480471886408
867,0.06579632858896996,0.05278432280863815,0.8960062442640927,0.17852000131400805,1.030383846323258,2.657666085329242,1.3919123182332158
868,0.0646376819080022,0.0556731446470068,0.9414618814528691,0.1841082449550995,1.009993875248972,2.580177721565236,1.3511453623648542
869,0.06622567158907956,0.0541029588995195,0.8743815686248063,0.18441043038037844,1.0343015593375167,2.5517627413736035,1.3126645351481974
870,0.06526447875691116,0.05626179363274239,0.893070900634912,0.1642615617418032,1.1312206885298561,2.5615001958690007,1.3757792334331937
871,0.06428922732147635,0.05337724114185405,0.9754604680672173,0.1915912845346118,1.2022955089060703,2.5549301905029527,1.4847064345619783
872,0.06554815933311685,0.0568892184913472,0.8502946719886851,0.18452743604717625,1.0594950041970528,2.558455118311013,1.4797986515129287
873,0.06683239158322961,0.052637816730865185,0.8746731170279313,0.17032892217829892,1.135730294673108,2.424677752594861,1.2857622226308962
874,0.06382631902502339,0.05706293331606046,0.9612456047202588,0.16407408439071897,1.0554230829743747,2.8353910858206754,1.260822684908243
875,0.06573899485593004,0.05368574451877985,0.9295539194737666,0.17144439031529804,1.1786219373141036,2.426765597475448,1.2704774988553869
876,0.06655354050964633,0.054945485744489896,0.8633295588830909,0.1622062160929192,1.0439223862832612,2.376818043426006,1.2973109935057572
877,0.06468471601746531,0.05406709569379367,0.9590935011197357,0.188525385394277,1.0697793446886994,2.408781726435018,1.469751066814236
878,0.06510471634759515,0.051448015320514955,0.9782815482706183,0.16698143404492344,1.134173076157168,2.559943541964977,1.3210130061042735
879,0.06558341857822414,0.05983967558399732,0.8411271848316229,0.17116913999330707,1.2001501365403635,2.590536276657323,1.2463277650227202
880,0.0661959188201904,0.05685567255496094,0.8406545069798042,0.17900829310277877,1.2054456988928202,2.516159550814564,1.317957013274073
881,0.06700332221410171,0.051685351011881014,0.8389634609060099,0.18229161621364617,1.018932583965272,2.707881955694193,1.3464193894278162
882,0.06590548587287524,0.05323636796499135,0.8936322046614511,0.18873170774407483,1.1133551116853033,2.402864731637845,1.4844426015347014
883,0.06588363619297115,0.05366955683773165,0.8979175546242385,0.17724128068371853,1.1074663805041025,2.6886306777715108,1.2479186136307119
884,0.06561350373755975,0.055010489418957545,0.8904364989528712,0.18636843436625625,1.1543566392831381,2.569208564733602,1.3565905887162668
885,0.06541688847295195,0.05614033825155941,0.8982483508110529,0.19221042027649682,0.993556439330167,2.6766394239136155,1.217492667265983
886,0.06609059678803893,0.05267135993664021,0.9135144138988591,0.18558569526899882,1.0841471468208632,2.4630048188841283,1.2990288862930701
887,0.0666038316420372,0.05427527032816048,0.8409768365028938,0.18743301223157932,1.1589355359387026,2.6895123948572612,1.2712312049876595
888,0.06595533270083613,0.05468044066099415,0.8986460643548746,0.1945122202517061,1.0619719169477335,2.439829744395761,1.2833661046194182
889,0.06680161841955608,0.054122032711851994,0.8104761566993812,0.16558250750678144,1.1948925142487916,2.7945872491146355,1.3373761956415535
890,0.06377949858645193,0.05862962348369993,0.9152399781656535,0.19118165029229933,1.059918112496042,2.772707569259095,1.4668322533277725
891,0.06691815504006032,0.05429742873919355,0.8342885216063233,0.17280971293855588,1.0316266748656857,2.530923616541923,1.2954363122484522
892,0.06486411380428081,0.05966950181904876,0.8949237354150574,0.17433025313369838,1.0007605890027476,2.41648263926786,1.3142038871614197
893,0.06637548994195165,0.05497340479190997,0.837767886229519,0.18059077285202213,1.1201345070830016,2.6343057175116313,1.3563902509318526
894,0.06528003910289831,0.0556873545556162,0.9055943770154424,0.1977502466137419,1.020005151487747,2.4845346679150735,1.3850264653243674
895,0.06479235035891091,0.051771706817947946,0.9692847880531882,0.17020042216295464,1.1633183894330732,2.5989878339837404,1.4451892536340525
896,0.0674991823453732,0.05016568025081796,0.8379837019050043,0.17218497481369704,1.0458235216533849,2.6980196657233453,1.3006934717266077
897,0.06522178066686331,0.055579546530380185,0.8996630425991694,0.19075518921407414,1.1181804184754067,2.798446517549165,1.2539091943546297
898,0.06662175472738487,0.0496673916551246,0.9040790426369147,0.16395418814552998,1.1203936687293368,2.4690489317150712,1.4143400661419805
899,0.06709950396663948,0.05070226530705149,0.8857653873365156,0.18186104476898848,1.0849128188839456,2.3445091284065867,1.3309623018782528
900,0.06669573982587651,0.050045452743698544,0.9214719321492525,0.17695103390408426,1.0198314810417566,2.398905719660396,1.2865893790930567
901,0.06536715218830345,0.050732382468787626,0.9628759144985283,0.1886399111702846,1.0405133712479115,2.7191761850199963,1.2742195676377779
902,0.06544549150438768,0.05167436985567283,0.956380117558733,0.17310039154247495,1.0228535787298971,2.5057492877639094,1.3419934830831077
903,0.06543041056425913,0.050407176850976156,0.9326237397354251,0.16696846278598537,1.0695319984487255,2.712444081823411,1.4776537678899193
904,0.06643072281711059,0.057499120038924954,0.8171604469777801,0.1644472899151013,1.0989777420908464,2.6848989365155447,1.2155864658844966
905,0.06595214097649185,0.05644040729351188,0.8818053895858657,0.19795585311165176,1.0498996819311959,2.38013246997955,1.274921865193873
906,0.06519425535649309,0.057529478020391586,0.8755462421169309,0.17872885769852973,1.1726606363194174,2.6899516755512543,1.3173859599138782
907,0.06780438514905801,0.05001144366256115,0.8157418037411013,0.18799829937672152,1.0955913936607589,2.7699685777447347,1.2858119729878377
908,0.06621535036222384,0.054518466219429004,0.8376388282022248,0.1933992370917994,0.9915046614840718,2.6438170544944897,1.4524414486178467
909,0.06370062796756323,0.058391773536867975,0.9524228408874594,0.18378517748241327,1.0895198387825227,2.481111583044745,1.4705454786297638
910,0.06721612457446952,0.050939113519141474,0.8302931603246393,0.1906630295755972,1.0907330177373062,2.6981835748055842,1.387037462757672
911,0.06539194524618774,0.057976435785697306,0.8458905795958782,0.17622596904752355,1.092276085155276,2.6641431744886694,1.4069932469369328
912,0.0653141915402106,0.05216610506467991,0.9501505047577288,0.17660650640625083,1.06584729370432,2.6325804779548467,1.3072576985137139
913,0.06541736595464161,0.0503895123355412,0.9575582757037487,0.19540522997514795,1.1101479161601562,2.559000696328055,1.4180391296252204
914,0.06643054262116338,0.05309122276709506,0.8440209344472831,0.16455203352950257,1.110863388580852,2.6183692640958633,1.4736338075108453
915,0.0664311229959639,0.05189463906260766,0.884155179836197,0.18253710785913294,1.1040150961181672,2.5406800557742115,1.3704314664185682
916,0.06509095296398074,0.05373663624239909,0.9502517117431222,0.18603521332378015,1.1947758339374719,2.4151360057439835,1.391298413255063
917,0.06704149835162082,0.05282019055390398,0.8375082605660925,0.19419926472863175,1.05965109891497,2.3640031863557813,1.4583389082051386
918,0.0628433486796874,0.059306035871012006,0.9749958370047813,0.18489208317108385,1.0751622146027593,2.734628912210514,1.4194647325321168
919,0.06619673476637546,0.05289344329565523,0.9109992964638083,0.17219153236275897,1.0374017670510407,2.4246078170496235,1.2819961952292238
920,0.06633130281095057,0.05677618843550535,0.8220441182440009,0.19073704083499546,1.0711686909689684,2.494695631829021,1.4030310752544388
921,0.06580921558443995,0.05687935380474717,0.8300518503336008,0.1807706535579237,1.109990082799229,2.625441860113505,1.4643238120517565
922,0.06574436993432207,0.05933120524309572,0.8609233073500545,0.1759642051101896,1.1515407579226398,2.3998119830670754,1.2251068388453927
923,0.06593095502722182,0.057338234205954325,0.8620401759771519,0.19660362997597294,1.1086223077979656,2.499661747207455,1.2523214677821846
924,0.063476029389709,0.0593649400114605,0.9655792976192786,0.18491127243602104,1.0517482712600665,2.54579754794043,1.3487070775719605
925,0.06681982143478771,0.05121185452178198,0.8743983086957768,0.17604457897683112,1.0467129086214217,2.5980298977957603,1.306347296378409
926,0.06660700986794325,0.05336780302353929,0.8552650233532161,0.16872939102491533,1.0964765125203229,2.7038882014204444,1.2547910608735857
927,0.06581509685032247,0.05420276721623023,0.8889293582833725,0.1637935401661105,1.0685742485797072,2.3963815188848367,1.4741629910630683
928,0.06507442370687314,0.053974570387427444,0.9228396079307188,0.17301516368215203,1.1658318726283876,2.7375827008635993,1.3471214532575255
929,0.0628692598790028,0.058424398352415606,0.9821621297610383,0.1621179139499093,1.0567705129074807,2.766688437882539,1.4259456447055487
930,0.06442149377339704,0.059781730808298295,0.8597860747171712,0.18559784924661812,1.012105185497138,2.788777807503168,1.4584924670046846
931,0.06653307495667263,0.051190811998526,0.8754856331777561,0.19799975996782937,1.009664628551172,2.7775660098416806,1.2940339531664344
932,0.06441429247479974,0.059863510871931806,0.9269076515120669,0.1911455009520391,1.0634398632995166,2.495885673624339,1.2155420973823072
933,0.06429206971585592,0.054313273241679935,0.9848421574690205,0.1836210102739756,1.1308439225822147,2.480454625485778,1.3925735097930858
934,0.0639531273521626,0.05855367768957305,0.9339945085415224,0.1815279199223997,1.0891339794559125,2.8158106703473273,1.2614671928484893
935,0.06301178457714354,0.059739914946390055,0.951581332825065,0.17090610918372212,1.0586488009629949,2.710491671333692,1.4826165965750526
936,0.06564588463625903,0.05575467976493207,0.8800641387610821,0.16603468081658246,1.105106175742837,2.600355693210101,1.329327832765136
937,0.06532104885897629,0.05433047748855614,0.9074606026254478,0.17947372184281632,1.0913614824645443,2.6376622925104676,1.3808159171256371
938,0.0650901248544718,0.05614726380087365,0.8766159597811933,0.18413563435582006,1.1538351990055502,2.841377590339681,1.374516000073372
939,0.06624398201709067,0.056464961521464546,0.8583118392111179,0.1695985766840178,1.1974911777707355,2.409517614483586,1.2921627209667343
940,0.06666826924741992,0.053766370204705864,0.8791307349967593,0.18505236713422718,1.071178571931687,2.428578978540098,1.2185843639718519
941,0.06622329409202149,0.05736124452690139,0.8332181523615746,0.1949374782210046,1.0621254468528327,2.4911750238712767,1.3249064012586682
942,0.06409049604098872,0.0587676617361667,0.9545175006760426,0.16260236055462252,1.1032803515003453,2.4721173856270147,1.282748796895635
943,0.06556196540175951,0.05534536609857606,0.8969462072332499,0.19278710088339646,1.1339544616321113,2.426690384756226,1.3964168497502427
944,0.06659874145585923,0.049587370436291946,0.907252082551101,0.19655182993235173,1.0883172918607462,2.354512384776078,1.4778002814721316
945,0.06493720093837367,0.055073122840834515,0.9617338876424535,0.16823230725959776,1.095438377482415,2.4761110574243306,1.2278514134678065
946,0.06386844075292036,0.059991476493401454,0.9250724588243198,0.17435964541164142,1.1083262040920547,2.4760959445017003,1.4429000092980178
947,0.06704903274086814,0.05162435506247222,0.835218396627849,0.19399914882290897,1.1246966099328826,2.841419760528497,1.2681949730644897
948,0.0655529174191147,0.05065103490220457,0.9795957354362236,0.1665251514228767,1.2096404096889257,2.4180306247794716,1.2978485048982338
949,0.06531721345513825,0.058179293167615,0.8212720971572609,0.1738074494705919,1.1720858932168534,2.8503352170583818,1.4546213183267875
950,0.06307288401373312,0.06022273560250772,0.9874713462894809,0.18877019996754948,1.0364405789011006,2.4996003212427413,1.3211601928003829
951,0.06703198453580943,0.051468716488321915,0.8312986105867515,0.17481058591916296,1.1796058379064753,2.7566316379256297,1.3706906575456528
952,0.06499577980917046,0.05454236334349111,0.9292103574797909,0.1652800409681709,1.0883414754314171,2.7507301213559696,1.2822167846006853
953,0.06701326523322979,0.0540501740871575,0.831042498922439,0.18211170198111293,1.0487271859390521,2.501416796573534,1.3173249195777177
954,0.06718066719047398,0.053212747935057446,0.8534051817538322,0.19039649219966498,1.0344517747515642,2.3409907462830115,1.2856489594479332
955,0.06450404442810478,0.050609401255146534,0.9763771717101547,0.1753459877310369,0.9923010270365763,2.826441544109252,1.4710594116035127
956,0.06585596587144821,0.05628414870491705,0.8890121049289625,0.18527799745778367,1.1795579675497512,2.4357779731876072,1.2455121557207058
957,0.06620389246119229,0.05485287830099216,0.8571362906204075,0.18889278383048883,1.0938443182768933,2.4507985020524243,1.427209795561481
958,0.06521940442623975,0.053672211484720074,0.9653165037674502,0.19715399912278384,1.1333786447216947,2.395309843044901,1.2636384772885132
959,0.06425366320633888,0.0548797175625442,0.9557414375392511,0.1946028587675726,1.124676636564816,2.588812690019172,1.4703945068684736
960,0.06567037734704005,0.05287542881176145,0.9021970967411314,0.1818699209692675,1.0172827430253428,2.820296725293114,1.2896133810018775
961,0.06638691663607088,0.054158291574695705,0.8191263445986593,0.18033398815356758,1.1973514041354445,2.847899901279071,1.4036706711765725
962,0.06682242973519303,0.05126201977575982,0.8378102594550607,0.1748905845365503,1.132399868407169,2.776025188873821,1.417547955170057
963,0.06361007754081782,0.05575350747838144,0.9879346654824624,0.1893321975410914,1.1783437782472854,2.8072584216913556,1.3013226177292305
964,0.06607160386851707,0.05666391983679561,0.8377243466845611,0.16988666950186973,1.0947979516990798,2.4490870612701907,1.4475698125407424
965,0.06634276936671371,0.05050572219438639,0.924528194870168,0.19424329336376261,1.0199697456447663,2.349431945465174,1.3926563281845246
966,0.06486502746504705,0.05790384445923891,0.9038286965580017,0.1766226192000361,1.0189054524606835,2.4584332131693096,1.3843852678566582
967,0.06689210981817453,0.05374296073739924,0.8474119115937718,0.1826002330949537,1.0380917938286762,2.566156365943267,1.2467452624625666
968,0.06699411793398827,0.05349182442476384,0.8266166955032862,0.19663150134878146,1.1987460618418724,2.6567677723679233,1.2970592107740788
969,0.06610959046401232,0.05209753582955148,0.9415426579869474,0.1965675438239818,1.2004445740878393,2.3625643195149806,1.225887398808125
970,0.06340735249594918,0.05733548765452508,0.9832308910867225,0.16227146151961142,1.1901245513562204,2.6684626229745105,1.3656884024077556
971,0.06643848957750381,0.05302044831038861,0.9089965389931779,0.1627272975787154,1.0557418124050593,2.358125694701972,1.2337662872290125
972,0.06487884002895349,0.06027892420047029,0.8446168668166979,0.16962222293993895,1.0791877238498508,2.8491230024214333,1.2968147117563324
973,0.06518657701168482,0.0513396647905535,0.9361525055923121,0.16318116806523614,1.2055281649038825,2.68948432183287,1.482039533560282
974,0.06481476720499538,0.05690329385502746,0.9060649008368269,0.17718078349859556,1.0123467397316737,2.7022887966042357,1.3217559805028556
975,0.06595410274370483,0.050423136736496975,0.9004581550332571,0.18456398662986584,1.1417388232156884,2.84284250329788,1.3878595709528287
976,0.06571883020769868,0.05300420866603012,0.9269131421580981,0.18040927928581,1.1718481297045156,2.481480695777845,1.3178092623953932
977,0.06554880931865997,0.05284499828507768,0.9330170711986485,0.17063286645438408,1.1214473546581063,2.422476126925562,1.3993446025051008
978,0.06488228776620762,0.06018945293117962,0.8682195402437837,0.16823033509267404,1.0395561095947987,2.5171951217127906,1.366572584189017
979,0.06708307731893759,0.05469229291644537,0.8312841395043479,0.17429826232284165,1.115422568767186,2.4783894335857064,1.248003437882128
980,0.06602163727299325,0.05103826499588311,0.8954780011755881,0.17722995964859037,1.0789375885966928,2.85441284397142,1.3344069671121082
981,0.06638363433427799,0.05627596072902547,0.8466635454712939,0.1973963626796895,1.0734311352037467,2.4307429896144077,1.3107453096819874
982,0.06569660400578578,0.05488856643720367,0.863880942309772,0.18791495851403706,1.1519870690907625,2.7051145901375393,1.415577128962913
983,0.06458981423019791,0.04965552898746383,0.9852720971879528,0.1912654486117254,1.0284333290576173,2.8443329768670402,1.4494379455875042
984,0.06753231962780148,0.05153279865607045,0.8233738907272461,0.16608650978833206,1.0747659048117886,2.444436191114424,1.4229821326197443
985,0.06555685409044354,0.049905705893859766,0.9810088492228368,0.16671581026597132,1.071226725595291,2.456060806818569,1.33002825122938
986,0.06563467061805749,0.0599660072377364,0.8158523797319678,0.16814090143495017,1.183132382524537,2.760098832950443,1.2675108042745253
987,0.06271608445417971,0.05843974165238035,0.9857524554053668,0.18453758767018114,1.1105537154702594,2.7752838573309773,1.4503931111464008
988,0.06315695199922568,0.058997944360092314,0.9677954014236285,0.1655066864280865,1.1040168914308557,2.7530904801747647,1.361829261115334
989,0.06658976292058191,0.04982401369653647,0.9200444665510309,0.17872129644343474,1.081719582754248,2.4763632276336813,1.305458421368297
990,0.06531187539285137,0.0553189710274756,0.8865077275526017,0.1915811335489529,1.1831379978213,2.7013956669508867,1.3856575202202668
991,0.06665786842958632,0.049977172462689304,0.8590566586773477,0.16486956792654447,1.1432040267676853,2.768465365382169,1.4664851940940817
992,0.06303047870684278,0.05796238067987673,0.9761157245325065,0.18659040699304819,1.0950692912461473,2.8191485580476487,1.4025700540377002
993,0.06602268893389587,0.05001806865143069,0.9480094068557076,0.1949153091294311,1.0053413308459394,2.4539560898785466,1.3446526289209526
994,0.06580210312795026,0.053022582690723824,0.8706033912648337,0.18980884267383252,1.0737942543504815,2.762315318731043,1.4596403839599152
995,0.06456833132336227,0.05768523790465807,0.8905851534361983,0.1807818065079135,1.146262156431429,2.723431733190365,1.4307785952912286
996,0.06485092434151091,0.059499958624707555,0.8496793971594758,0.18391000933049267,1.0453129067323295,2.6435452997535327,1.472435124490962
997,0.0647205592787406,0.05346697732077507,0.9891327249039406,0.17711223521869,1.1641581099879392,2.4268115039445375,1.3081916357463574
998,0.06574096839159543,0.059015501481862055,0.8524961613543296,0.17722198233110567,1.1598277361921443,2.3719835669250964,1.3243446704096358
999,0.06471532805465763,0.06012472699324064,0.8926482228854271,0.16979239803924429,1.1195123637691324,2.6027146640069185,1.2270764471010491
1000,0.06509474647246141,0.05614245254449566,0.8816698678738608,0.17048797642021668,1.0030449293599801,2.7225087023464973,1.422264553357372
1001,0.06604155340414272,0.05141015184854961,0.9507996780565753,0.18522650423431666,0.9929665700665393,2.377550766876204,1.249119962111497
1002,0.06489068322024935,0.05111289093378903,0.9757124536686141,0.1962847553609408,1.1074499778734987,2.855344343388216,1.2554684562123946
1003,0.06522325794990425,0.058580641154449525,0.8812045201829308,0.1636121397598434,1.1780769177240684,2.6124603040851095,1.2311232506750802
1004,0.06531904767553848,0.054102642857046565,0.9249554918510436,0.17473154038886696,1.1933388890195227,2.6000922734970335,1.314525883729109
1005,0.06469819461751386,0.05855572878184758,0.9002400223313184,0.17348526034139924,1.0440174782049425,2.688315897585102,1.2686019439648375
1006,0.06626509238258102,0.05551506768713501,0.835363018500593,0.1688051247237442,1.2037431745806875,2.6856328872603132,1.33554250587117
1007,0.0667467523251994,0.053444388726629266,0.8596987899815687,0.18781345716253323,1.0354394451884428,2.4928479172215177,1.2975214196129057
1008,0.06546945370066215,0.06038030618385295,0.8217647269902056,0.17660282128717805,1.137015652121233,2.611280726986644,1.3520410154614422
1009,0.06680163362048178,0.05473478689627199,0.8220968204819541,0.1924652657449241,1.1367257830295592,2.4847078721639,1.403591324430922
1010,0.06429521793997788,0.05830606106578838,0.9278427284907459,0.1838631196278855,1.0026832922133924,2.3665098276443195,1.4764946020954093
1011,0.06810892044853273,0.049808840683590504,0.8137676929192578,0.1740449674519333,1.0957661885801564,2.617668916980056,1.2982655849961506
1012,0.06498226728802643,0.05058495808891314,0.9687741001637307,0.17329355875577518,1.166604315739494,2.5999280464181362,1.477009013987918
1013,0.06456654624406132,0.05335539863064068,0.9846024172569982,0.16834364505964994,1.0005963834287925,2.698192486994506,1.2372996693461955
1014,0.06574577413414565,0.05761021539363065,0.8303799111338837,0.1950271197797141,1.0260274661248654,2.576656509732941,1.4524433863665607
1015,0.06468393738075101,0.05245036745253473,0.9669066059546174,0.1913972246730878,1.1656593715589645,2.795662240098308,1.3128814888441356
1016,0.06546859592710537,0.05868838541699679,0.8722277021650892,0.18699045924145516,1.1721120381887533,2.3547084005177834,1.343211997038511
1017,0.06785005324719813,0.04976770919690833,0.84390766671009,0.17280348035621365,1.1952209347142855,2.5120521015422526,1.2783407748176123
1018,0.0662442789940148,0.049900748458879575,0.8959582812157783,0.17427142462551817,1.1694099353348852,2.7726913713479515,1.3956037168455513
1019,0.0645683993751327,0.05197751750158905,0.9871692408477658,0.1735809759643809,1.0838781245427151,2.6259722252485203,1.3846248370047984
1020,0.06412804942964276,0.05896187256418071,0.8947347495986647,0.1626784341520805,1.1682165900397732,2.836025017243459,1.39587038323945
1021,0.06461596524339555,0.0600739176229461,0.9027765630762564,0.18541789906109798,1.0090510240477826,2.3785020434661375,1.3477228087039075
1022,0.06712103314423587,0.05243413299484869,0.8589862145325392,0.1651836958991865,1.1664239996426904,2.415120557207495,1.2971063128711628
1023,0.06500372879984344,0.058701816742792734,0.8512322423734289,0.16923582455955008,0.9948593401518818,2.8273422673027087,1.3597043766981887
1024,0.06608478747112312,0.05265500571107772,0.8973448262832898,0.18430532333958521,0.9991818521614603,2.556105224554087,1.3466530412282807
1025,0.06556310815139428,0.05964258523262269,0.8155753699193417,0.1871909424906088,1.1065851965674756,2.8552563497127332,1.261673114713467
1026,0.06596340647219867,0.05057042656699124,0.9295651560426227,0.1882909328717429,1.1985306651495127,2.503325597801831,1.4027740892600227
1027,0.06645866857025551,0.05192689538662111,0.88595702655553,0.18379222983836546,1.0197466670858983,2.5337268965710265,1.3509202358915038
1028,0.06742226943768383,0.052662499864342065,0.8234119321473125,0.179243392757921,1.1446275903552672,2.5677868935775905,1.2844917326212515
1029,0.06342329309002313,0.06032053936167545,0.9823024242295041,0.18839138661040786,1.1973778425909938,2.444882615886335,1.2421824344319508
1030,0.06476224642360101,0.05853256951522455,0.8783440259312434,0.17190354263994617,1.1137133130826824,2.6140901934671015,1.4306131098497088
1031,0.06535710135385035,0.051359320943233006,0.9711796811909293,0.1697711013201996,1.0110037487319499,2.368086327254615,1.3988652659681649
1032,0.06509841797449333,0.06044052536230766,0.8103654502333492,0.1955979180346626,1.0363573668983783,2.7384601879235597,1.4795264902527177
1033,0.06622275956970691,0.05399576308808815,0.8539825507761521,0.1910557833867485,1.1810529289826328,2.6482595021639037,1.3868297992963443
1034,0.06592570040977194,0.05373982485009671,0.9146863449620425,0.16846994673351195,1.0985853571951767,2.355957400364771,1.3337218746641986
1035,0.06669976026171393,0.05140179393938441,0.8868713436035184,0.17101683391001463,1.0969398611477,2.3778864751988147,1.3982396119885259
1036,0.06656092378707198,0.05604494971942143,0.8401351948639234,0.1864994611041456,0.9926850659614841,2.530529753799158,1.2427816939961525
1037,0.06519939074737882,0.05011270668770293,0.9595936556430209,0.188222044515725,1.2088409997197553,2.629139783055977,1.4693361339723032
1038,0.06497660195142746,0.058127067624789176,0.9064292456637519,0.16382399132014244,1.153589860477256,2.446062202266248,1.3137141535976355
1039,0.06436063858648045,0.0517941113199069,0.9838431102116172,0.1891046516810673,1.016536699094208,2.73070694117418,1.4335144126024788
1040,0.06596631523163064,0.057787148827230087,0.8272944215265426,0.1763559243271986,1.0219928134963605,2.4555416624495603,1.4517531470408818
1041,0.06406824981223778,0.05794178748390562,0.9712059461260816,0.16830275923630786,1.094651780055489,2.3980326921382287,1.304489238360092
1042,0.06502180762819128,0.058386272310543164,0.8786372377973848,0.17756253304428418,1.0384051291836247,2.577528711117956,1.3639054850685475
1043,0.06441363847725781,0.05821316800106542,0.9150491313917488,0.1920215570165717,1.0155554941221245,2.811027420556407,1.2338058975725839
1044,0.06514825475186953,0.05449735107086204,0.9376489264491424,0.18279722453292085,1.1733118160457605,2.4614793443809235,1.3534456807910005
1045,0.06656127532080972,0.050959200108004546,0.8744488581142666,0.18705566985721567,1.151539969707698,2.7559613329671966,1.3238172741577245
1046,0.06550690653464472,0.05812752920814373,0.8406508799738973,0.1786096179668628,1.1275672375921644,2.7914438553704564,1.2999219065326924
1047,0.06606836252694842,0.05415768170413886,0.869505187370601,0.18767831116230202,1.0245502651937093,2.563995088542274,1.3914158158085363
1048,0.06379686305273333,0.059764580548938726,0.9283190421068818,0.17902645515410442,1.112781642911221,2.5702642600911845,1.4089951728153798
1049,0.0635805020353625,0.058598173958668606,0.9892907890340429,0.1796059222249755,1.026203133946582,2.3440554987642286,1.3556948153678499
1050,0.06491038487492992,0.05430000123552615,0.9353845256126628,0.1808950153181735,1.1737424207039457,2.6229934779363138,1.3745418224558899
1051,0.06463128880844442,0.05229168553474953,0.9842217856769797,0.19635395325998894,1.0166598871597232,2.7119988174250564,1.292610772587632
1052,0.06504933239219694,0.055324441054219686,0.9161857086251395,0.16539581925939775,1.1712568889952188,2.499661917332311,1.4340373541540525
1053,0.06485491345857494,0.060494107528093116,0.831317435242078,0.17912349724328758,1.1437656452993559,2.8247322265422956,1.3838291266074831
1054,0.06543599385927708,0.055311893711368604,0.8946680715555068,0.19585201657084894,1.0872827699675789,2.6046449257834743,1.3488941921046236
1055,0.06655936416055777,0.05367214580111199,0.8477114525056917,0.19554008513457455,1.0207602603616337,2.7377002346595436,1.2682858778049777
1056,0.0660684636807391,0.05507411667546731,0.8232386428832082,0.19333027225333355,1.0912494241144532,2.794740940672953,1.454160972774677
1057,0.06503866077659458,0.05830827928791784,0.8805209070530683,0.1819131527411786,1.1206608856285238,2.4670949002377327,1.4207520072880846
1058,0.06686297409018371,0.053056400889843675,0.8388830760637875,0.16600680854248742,1.2077905363923829,2.4433122803375706,1.451005598636809
1059,0.06345501919616589,0.056890378035636624,0.9707759216990807,0.19215244613712054,1.0719256972714273,2.7444083317999537,1.4118429324025592
1060,0.06270561627092591,0.05980915556659841,0.9724599708034667,0.1624455550315547,1.075212592062948,2.737358195097456,1.4480570009780196
1061,0.06568005783957832,0.0547263576363363,0.8824927393508517,0.18471535850251417,1.1237798397179741,2.549276953996497,1.4192229569224515
1062,0.06488491327419335,0.05322942577571048,0.9589113637872222,0.18707012631865103,1.147424163539759,2.380018600851769,1.4839441927327348
1063,0.06625485416377175,0.05286752667880581,0.8718297313005565,0.18004938453663863,1.0053996846959081,2.6594145886285627,1.3579583644981679
1064,0.06370667962044863,0.05952226480538647,0.9720394342061996,0.18986304792028724,1.1969161824663443,2.4413245561850516,1.26853670795929
1065,0.06518645843491083,0.054877722888044336,0.9166647925626236,0.19354707259253034,1.0126764805628115,2.5022879718116338,1.411846778348752
1066,0.06461785504284125,0.050795454630384915,0.9694294549735583,0.196050689278984,1.000635051736072,2.8391901324224564,1.4415212237024158
1067,0.06706353885348748,0.049881439368316856,0.8997764770704813,0.17648013438538934,0.9989409886179651,2.5102271342760756,1.2247053380768387
1068,0.06470458804642923,0.05285625628796821,0.9541766418778698,0.1656033538383804,1.1198011636046463,2.669825823859038,1.4362784153741999
1069,0.06292714545149895,0.06020188130762249,0.9539973623106203,0.17181738632830723,1.0249086202540025,2.8094609645419153,1.397020389567769
1070,0.06438595525145421,0.0575666733654483,0.9443722984428548,0.18132185755619876,1.0390581942141222,2.580048107976168,1.2653375900080535
1071,0.06586385094324498,0.05481004639966619,0.8739278782058026,0.1700962590568639,1.1683605982981922,2.6669026243574234,1.3217682933048591
1072,0.06554084457710699,0.05157568411885448,0.9091936380660184,0.19629937861596092,1.1820126318801434,2.7480568257858886,1.4500018757309585
1073,0.06547609473989152,0.05629828039545294,0.8866356531084999,0.18082654453627467,1.1366388389495856,2.733318015814787,1.2180139397221612
1074,0.06292797852648475,0.05931398845995432,0.9858930424692954,0.186838857993816,1.1282286545223297,2.5015083569712617,1.4647128477273559
1075,0.0659593200973566,0.056944631796876,0.8375026284545961,0.17922118131087683,1.2087278173712313,2.777555639909531,1.2548701539451401
1076,0.0637863264415422,0.0576278399496627,0.9860105817496112,0.19602059373230557,1.1733253318317258,2.42367206721953,1.3252981019672023
1077,0.06570243527476917,0.05888872783882504,0.8316260022172919,0.19624829839166633,1.1812775555410089,2.467925465531286,1.4167394040039394
1078,0.06580800512002741,0.055029711801988054,0.8735702018003587,0.1770065151686791,1.0166904881712375,2.5254326370176874,1.4175373514693999
1079,0.066510029891994,0.053383282300394366,0.8629930183971936,0.16316667160373688,1.1328241425539969,2.6458367441116852,1.279879178351135
1080,0.0669599653546066,0.05125927770033435,0.8875645144387567,0.1659309671694345,1.0605580351118098,2.477552615371064,1.2435162317529092
1081,0.06450009765552805,0.05673228137365193,0.9297635387522829,0.17537472763658163,1.1048896611891355,2.4632225827940983,1.4608474363871704
1082,0.06737835340323077,0.051024217903545256,0.8222167518744887,0.18512582611401313,1.1995812853304688,2.8235031994830564,1.2867210700943126
1083,0.0639622934110372,0.05529234211972298,0.9698406906083851,0.16735164894665788,1.0509717104018228,2.7403139365028264,1.368463936191111
1084,0.06447406036661728,0.05556487103529275,0.9657846531712996,0.19692149987286786,1.16321326062794,2.4623326318169796,1.3413352846326818
1085,0.06638885035616884,0.055839389102303905,0.8302387999738913,0.19537826038827982,1.1885310993093798,2.707188738600354,1.2723494220977463
1086,0.0634597919442445,0.05669083441348054,0.9835541217270525,0.16380007017500398,1.1003243173217379,2.6837129776375552,1.3909202938395038
1087,0.06585481189650391,0.05330646069749605,0.9261152080358745,0.1707177890829134,1.1270241428598604,2.3467963299090817,1.332089161610164
1088,0.06370458186221317,0.05729964694662717,0.9861731396891633,0.18958886456664917,1.0427211706267132,2.3885624908240395,1.410072965787831
1089,0.06482687694491923,0.05629798748770428,0.95881447186194,0.17660278913075148,1.0054634694745301,2.4041201479734706,1.2277343562844136
1090,0.06524379914060488,0.04963397120622533,0.9465526578118935,0.1872189924563076,1.1728044696688393,2.8273725998524157,1.4506849747973625
1091,0.06441083765873194,0.058999390502208766,0.8849520818495451,0.16382156502965772,1.1284130584462995,2.8363731986160494,1.3445249409899733
1092,0.06608791070383419,0.057422202915681946,0.8370318463957607,0.16248168427604873,1.041655787009242,2.695353023929098,1.2246473340303734
1093,0.06520118061228225,0.059002664935467956,0.8657415293515955,0.18245966137836148,1.136636090132527,2.710421506497485,1.2346012613500557
1094,0.06610898155403888,0.05246241467315472,0.9043557310885839,0.16526189560944549,1.1216465449019535,2.653350495624804,1.249949106305377
1095,0.06387586265462132,0.05392861457069814,0.971875994017829,0.1643958309572991,1.167846682728036,2.8015795510879227,1.4685632884521913
1096,0.06664028404291172,0.055781879674945814,0.8301807186134973,0.17659678366620474,1.1567191571455524,2.4657313593245074,1.3386878252296845
1097,0.06518747634999968,0.05747828731770478,0.86717578920614,0.1708259522968285,1.1240785283160442,2.7875190242041596,1.3175407349517831
1098,0.06457001812541184,0.0568025591148698,0.9572130100363863,0.166321769074545,1.010353730219318,2.4911696772718233,1.239730920657994
1099,0.06441631170680072,0.05807912071362219,0.9335925844568178,0.16447759880907958,1.0928416161888126,2.5041424690531926,1.3277154909312265
1100,0.06495148342804179,0.06004612586224374,0.8946013745959647,0.18603750509578104,1.001451020840638,2.443724315083963,1.2300019470735493
1101,0.06514857781809527,0.05421156160362631,0.9157510212062759,0.1807758509112617,1.1566711027262115,2.562473333721748,1.4526580900272397
1102,0.06484752310501754,0.05276031312116463,0.9644431840943495,0.19250618658998628,1.161172519354881,2.816275157667796,1.2243822601176004
1103,0.06384277609802405,0.05937052206739147,0.8948633969653887,0.1825416262242793,1.0554565034241026,2.814048984278468,1.481829277577011
1104,0.06621227035587554,0.052877971876134855,0.8718214187477579,0.1905252854447712,1.011482480713365,2.711626023617849,1.338082819318766
1105,0.06495345323078688,0.0533854152471049,0.9386526924785464,0.1822472181033128,1.1192718717118906,2.729052629330996,1.3499626320403455
1106,0.06607160431942338,0.051196768611963345,0.9148809864809949,0.1657622630461978,1.2059879103136275,2.421643917232334,1.455097524997108
1107,0.06339488094601817,0.05805072106193955,0.9749216073560378,0.16435518080272296,1.057154322169157,2.6601103494860467,1.367314074430087
1108,0.06736616520155124,0.052276749517308305,0.8458732711611847,0.1765263584331377,1.1854298881532017,2.405785692029811,1.3019165512152695
1109,0.06539381738846052,0.056776180312981206,0.8755815073391955,0.19084099739618623,1.0250991937377458,2.4392972329168843,1.46526712011704
1110,0.06587204405133311,0.05406353776450839,0.9094815492198821,0.16408164744806927,1.1556234238486933,2.5060831347294608,1.26348200197634
1111,0.06495193339511932,0.05988701762381294,0.8875071550879464,0.16595712077145847,1.0866680855006154,2.3441550826419535,1.3543892346834372
1112,0.06575576043885202,0.05590041696054701,0.8767940713721984,0.1733031024997951,1.0751972617517258,2.5002877276966844,1.3573484777783182
1113,0.06480437155157118,0.058749831819806295,0.8779939599525214,0.18509457301661184,1.013705495996041,2.516389463459033,1.4585725416875697
1114,0.06365913106300972,0.060470164223340075,0.9394187805958741,0.1758703030148015,1.0698474740013488,2.723352159738992,1.234405797730891
1115,0.06536893447683269,0.05720385940620973,0.8482968972313548,0.1923796547169173,1.0016108021151895,2.7168648896843193,1.4326864787376403
1116,0.06595589142403023,0.055877155308052755,0.8624420227346408,0.1714579401792063,1.1510041626575438,2.7171539612200353,1.2332352253473764
1117,0.06694268834214577,0.053967737089244884,0.8271595334669488,0.19316470350112008,1.1991669346791025,2.385769160467694,1.4461905560083623
1118,0.0660974236709831,0.05746608192759632,0.8335011693507898,0.17102830314448553,1.1828577489040886,2.439852578111993,1.3985584163372957
1119,0.0635961491215799,0.06027709968441885,0.9084231137080372,0.17539524430643658,1.047902523755959,2.8177926286001744,1.4118339151940469
1120,0.06380530642224257,0.058296269456529895,0.9779062693111693,0.16980302726916724,1.0638964536920354,2.570571578998746,1.2235360337903936
1121,0.06502014169698343,0.05259089999484415,0.949912566846221,0.18863808043323788,1.1516004918910392,2.4984871323116855,1.4678935326538518
1122,0.06507209584351534,0.056943383666864036,0.8609578645593866,0.19788883112443956,1.1521778098137978,2.8453161625108816,1.4053291818947344
1123,0.06488905144245175,0.05404885361727266,0.9312171280107269,0.16795485285042894,1.163629114443982,2.7027145116791096,1.3830873267801522
1124,0.06744685649126464,0.04963448485850081,0.8773469573413923,0.1845378483389293,1.174338205008725,2.4634451476838635,1.2649078000251925
1125,0.06815745053165298,0.049891685551331236,0.8140716232274829,0.19324825544149715,1.1210432422882284,2.5569048282213944,1.3049132417292697
1126,0.06404161211241975,0.054799940603157085,0.9597155945825239,0.18951558369697047,1.1626206087702737,2.7347151112304378,1.4419695483657924
1127,0.06394314407116909,0.059582704202844415,0.9519769645674409,0.17331577538669635,1.152474137539707,2.3683434776497614,1.348259848985019
1128,0.06638494132868841,0.04952077973532027,0.9108657764430078,0.18991623960277929,1.18330143456282,2.8497615432470638,1.2269659886626865
1129,0.06634570382710628,0.053889004119750526,0.8701293762203085,0.17380225169231045,1.072095188214639,2.6147106666492643,1.2730352151687478
1130,0.06536485263839947,0.056503241339248264,0.8723338728491998,0.16616742718863092,1.0914529537603934,2.7378817321055213,1.3344094220477305
1131,0.06540888858378407,0.05273842483860624,0.9477028725132696,0.17125393605479944,0.9901185569002786,2.466520956646354,1.343890433180735
1132,0.06575908731152044,0.05588327750641903,0.8857709656493545,0.18591660314654615,1.1220485128398525,2.4863449061587053,1.3067794181266648
1133,0.06432886278593249,0.056730860378525934,0.9390975642148567,0.1777626105425637,1.1121949643014277,2.7825437567894107,1.2642486608792787
1134,0.06653922270034301,0.05672527354330207,0.8198135018262321,0.19354517683405306,1.1984221888656057,2.364159327787568,1.4220592518310489
1135,0.06618298530661562,0.05475723106339437,0.8240873020879111,0.1912760582847304,1.1204858640965825,2.7298292050643607,1.4734353016519282
1136,0.0643863652604982,0.05862976813493399,0.9092306559320086,0.171584027698992,1.0751250272862694,2.6764183168975033,1.3340359103546864
1137,0.06559288615582667,0.058232526439901594,0.8434753505465378,0.1644201990959599,1.1435942150322402,2.797188106163529,1.2386717836474483
1138,0.06390090348088512,0.05693079804058855,0.980685876664198,0.19756907574350221,1.0807344705084956,2.5734740430905116,1.280423338496815
1139,0.0632561377665205,0.05974545803654657,0.9787926205715163,0.19203843737190768,1.166618501564346,2.401956064796704,1.406491375474821
1140,0.06517890353276659,0.05516852249075716,0.8817104880798228,0.17427560658910507,0.9977736198496017,2.819847956292297,1.4118673876109602
1141,0.0649830772531465,0.05422599693654255,0.9464513370151054,0.17998390434671616,1.0012003948949988,2.6351038668714524,1.2779218387369924
1142,0.06372345492367193,0.057766322351849156,0.9788543473691353,0.1762487998107694,1.1629176176986107,2.355155959353979,1.4303595076446434
1143,0.06654888535642287,0.0561560663194561,0.8342713693614942,0.1962287846946483,1.194436367984261,2.345016741360555,1.388664928568813
1144,0.06362258953434687,0.05905255803612307,0.977379304455637,0.17036079557630668,1.1827141154932173,2.38258104353686,1.3498433225786084
1145,0.06549548126434937,0.052116928802671506,0.938902041845419,0.18875422684262422,1.0779503610464691,2.4814251136432075,1.4059858351785088
1146,0.0640821710666853,0.05381936568902918,0.9847131842117516,0.1776414563370599,1.0527582970153748,2.7907342581911183,1.3224859988212891
1147,0.06600923127578517,0.05355954540948765,0.8837554106226775,0.1955408392711167,1.1742802148732623,2.412797547182481,1.4697480847771232
1148,0.06731005231734727,0.05023719918075153,0.8553554500338834,0.17648062998559336,1.116082078066049,2.7218029665571586,1.2412270931296454
1149,0.06400843584398527,0.055931044513859565,0.972006358797563,0.19538205856659738,1.0325317610288993,2.826951562532944,1.219966623738007
1150,0.0632869380830039,0.060108238179671716,0.9361483792962174,0.17739906058971866,1.0420776710089752,2.673360875577125,1.4633906774272107
1151,0.06621673829549116,0.050966650383124014,0.9138030204893396,0.17200125228626267,1.1258454329335978,2.4662444097020364,1.3970704680045274
1152,0.06552252263386153,0.058473802067980536,0.8754268572648931,0.17720928250976817,1.0890613492445422,2.39319956015921,1.2991993307619898
1153,0.0652285338535311,0.05019252880818642,0.9402306879473985,0.19212263144468672,1.168708598729564,2.788823940103666,1.4713678839955955
1154,0.06728098769302418,0.049905358018371655,0.8847043467597084,0.1763883201673027,1.0380672346688566,2.529339961012679,1.2206188443156607
1155,0.0676888859967246,0.05027620562935214,0.8344534286717525,0.19418985497204527,1.1692533595884789,2.401810543439863,1.422844413472597
1156,0.06554629845401024,0.05876872575706426,0.8607593430763906,0.17649244055260677,1.034407315592175,2.4917038456474714,1.2947325728711268
1157,0.06523510672409935,0.05543739909849852,0.9049400763741067,0.1806725212199331,1.1110513075649318,2.4606655936607096,1.4457615805593753
1158,0.06552326695657425,0.0525620360931229,0.9280322629622217,0.18905822927739824,1.04622166133626,2.531743733775124,1.3932180288218783
1159,0.06397504207392742,0.058408758145647846,0.9365865782288877,0.18853773604317894,1.1689022849765764,2.6147369185634273,1.3749592085242663
1160,0.06332756177013031,0.05641030306983485,0.9672814558276825,0.16940967496061057,1.063718749105888,2.8513751235428115,1.462493944192324
1161,0.06382561437931294,0.05626189438818847,0.9541860605852326,0.1720280635665313,1.0474435055340403,2.7497048415037697,1.4288179463639556
1162,0.06650172689004748,0.052799044056113284,0.8359324306420445,0.17194033571200468,1.0568403778189603,2.8583697619714656,1.3690855477793364
1163,0.06628608228664186,0.05180656301565856,0.8866657320375588,0.19778299765978466,1.125222925583956,2.611507936343469,1.370017952635623
1164,0.06400611211826054,0.058631816317281094,0.9790008980783413,0.1845460148481376,1.072041643475293,2.351879119968415,1.2461398197331128
1165,0.06632730806288917,0.04965796760541553,0.8848886055774978,0.19646395349801574,1.2081054805675902,2.7195555909074494,1.483255247916391
1166,0.06651085760016183,0.05659686613320715,0.8231195667051866,0.1681525891814912,0.9911077461451168,2.696915383830818,1.2189158965393885
1167,0.0648570435695926,0.05408710436956065,0.9478728111272393,0.18023523937144428,1.1559482589304637,2.51678246521921,1.403258843264706
1168,0.06588769681909695,0.05034820769502545,0.9566520892883645,0.16842167517763035,1.0506890582869073,2.5342524019337955,1.2669262975637197
1169,0.06738260891148035,0.0539287193074529,0.8197102502128746,0.16376413029034897,1.1454612256762615,2.3680058281753347,1.343213026308467
1170,0.06816841783409404,0.04982652053874627,0.8168764693322905,0.17389656064546682,1.1162333014501216,2.5615807481975237,1.2896030623498755
1171,0.06494169974696054,0.059923634273730146,0.8807070738726313,0.1696320396490826,1.1120698933430537,2.62299652904053,1.2193189475356476
1172,0.0651588624053288,0.05076501170763323,0.9671776223827728,0.1745576867174306,1.0819276370237865,2.778482163614085,1.2896975023762558
1173,0.0653896113122271,0.0547958007651396,0.9035497447244132,0.19139069290332075,1.0753267835794413,2.705116143240061,1.2928745046941028
1174,0.06625994203866012,0.052469234590244454,0.903796412143568,0.18094781459382175,1.1135869926802748,2.5679204687264625,1.2457122925125284
1175,0.06364341565070543,0.05933579226397994,0.936900215098049,0.17402493147431614,1.1275537485937788,2.5446307942567894,1.4691172971414872
1176,0.06482303838888955,0.05466608536498524,0.940439396494294,0.16383527660107186,1.0278804061033253,2.4592893003085177,1.454367428425501
1177,0.06592856131955693,0.05601360218012414,0.8643770068352288,0.17583139475360257,1.120124129051562,2.656869621195739,1.2577018851992838
1178,0.06620081355739997,0.05319108742361188,0.8859023894033378,0.17803543237972866,1.1015707066673253,2.453695719942792,1.3921076662892895
1179,0.065154254550885,0.05729460444397094,0.885312604831845,0.17265185029718555,1.14057342060417,2.7226937364529538,1.27267396822557
1180,0.06517251998840884,0.0511160415881575,0.9344223672346847,0.18262902805359021,1.0778233241974498,2.784508539720706,1.4553047012011895
1181,0.06495170107332424,0.054913211125545085,0.9557232145652271,0.16705017598922134,1.0466871488872942,2.41560613559325,1.3134137708970566
1182,0.06539158121713455,0.05461853575093485,0.9143417671004729,0.19301263868384586,1.0964938741552672,2.6437691763214133,1.278065891625817
1183,0.06511533323764257,0.05800334040969217,0.8866945231377947,0.17373539084318446,1.1468366741028584,2.6067012154728073,1.2908209598907503
1184,0.06599337603408817,0.05363882944558036,0.8841301585284497,0.18098690136144766,1.1295189622926773,2.8038400861962254,1.2203608813839302
1185,0.06470829417054565,0.05349171091802341,0.9638503494498476,0.16991883954612705,1.0952660787120447,2.7386965969870114,1.2736864984265008
1186,0.06568149844464166,0.05556736575538371,0.9078773775794194,0.16717615871715175,1.083321976221297,2.366341665316091,1.3057516681415664
1187,0.06550039558739604,0.050766242570167486,0.958830286655175,0.19274858699466585,1.1163575734269264,2.403323913568484,1.4447974056827808
1188,0.06608332061207942,0.057179287805472906,0.8275665043394081,0.1700429878734963,1.1628088327659738,2.728958593302799,1.2825562490673263
1189,0.06668415433393633,0.05530047026669626,0.8158156381362777,0.1655692188789636,1.0610705509852179,2.8218161212721116,1.2309812423943387
1190,0.06563681456780616,0.051761403743121936,0.918370109771752,0.17311126983611003,1.015686497792241,2.799779735559927,1.3129159289960195
1191,0.06654564192208427,0.05006911838580513,0.9084402864289447,0.163005356356577,1.1903548343319084,2.725653727243965,1.2168974307392268
1192,0.0651849142125015,0.05488498826132497,0.9166487441917528,0.1979429353476195,1.1050901291717374,2.615132849790096,1.337611351725766
1193,0.06490736392663102,0.058965400355161,0.9078301916018171,0.17437274177464812,1.1717530599666346,2.4861547030772644,1.23081770904127
1194,0.0666146397111284,0.054627810305443135,0.8267409404004997,0.18433130315975518,1.0102682253533677,2.8479610544162166,1.2278913123052295
1195,0.06591456542120383,0.05626394308550208,0.8505772720443415,0.1697438632891753,1.0331101501303255,2.538939671868264,1.405992121845472
1196,0.06667955113341477,0.049936732628480085,0.8758914205105266,0.19516949409403447,1.0409267243694111,2.824643824449403,1.3142551157863709
1197,0.06429331456195969,0.05625533162475007,0.9495311483647657,0.17814113716459268,1.1119721854992706,2.4729004505860113,1.4512770966755149
1198,0.06316652899526962,0.05930190962162693,0.9817697046232626,0.18429819239170703,1.1218097870959503,2.554443863411122,1.365887234555368
1199,0.06515877614536986,0.05593468557275756,0.925120738043228,0.16912890253236867,1.202622755110673,2.3569610083910337,1.3717821076232153
1200,0.06619526568742486,0.05072819339210906,0.9230501272340235,0.17091122388446214,1.1928451567134495,2.421580226322244,1.395754444101191
1201,0.06472811424725655,0.05946532437621896,0.8649333509706006,0.18902195936024377,1.1765072205302234,2.825234411378472,1.3076554904096185
1202,0.065354398299999,0.05219716843410538,0.9067246038947259,0.18224978672107237,1.049703383176951,2.8278043110309534,1.438015934957896
1203,0.06738426731952399,0.05287007158762687,0.8426312053157452,0.1763535165629838,1.1940463829822083,2.393618652339697,1.2712528236227534
1204,0.06776809874378768,0.050678228984076236,0.8269876040618344,0.19669259669377276,1.0874570428462984,2.369657024848773,1.4252243429150966
1205,0.06566829418532524,0.05006163580966687,0.9607374324734808,0.18097144184944725,1.131906978480449,2.3961242505266522,1.4357449168811118
1206,0.06759476733296028,0.05192459766139374,0.8249220942572008,0.1664859479121853,1.0779059228211458,2.4100928264171237,1.376488640952087
1207,0.06542518854638539,0.05672779308236004,0.88833183282119,0.1757693814155351,1.0209122150762948,2.630425789279061,1.2579444075187851
1208,0.0649344117619898,0.05669236081990268,0.9241946056845414,0.16964293515820056,1.0392330288274845,2.596550489698936,1.247912620609419
1209,0.06395083132459933,0.05934968588959792,0.9148708676229642,0.16982755396487706,1.0774792964251725,2.6836123130318934,1.4005219443879113
1210,0.06560898648004232,0.05414377743129194,0.8656064327006721,0.19558127460069713,1.196433444967651,2.8435871783935918,1.4131094748028938
1211,0.06592811374839302,0.049615184089872526,0.9223713251584302,0.18401375346641397,1.155709041582874,2.79608016528862,1.3598120380761065
1212,0.06441689349368013,0.06030064452753382,0.8699973835188007,0.19266614741936264,1.1673911597067892,2.605159546251642,1.4637323168685363
1213,0.06562570588789673,0.04972430563810335,0.9637431507342225,0.19436365326193733,1.1835742148361006,2.4904165013762336,1.3992560598619943
1214,0.06629654097869694,0.05548566253691921,0.8425771081368025,0.19626100781616782,1.0998938530827889,2.66992766682646,1.2862242569991296
1215,0.0653891420133207,0.05579150157757965,0.9046173407109341,0.17605430913039513,1.0662830622178403,2.424747861046935,1.3814500150946445
1216,0.06430296189996414,0.05266955479188601,0.9683810863144129,0.17500353781743982,1.2090890022078238,2.73533694572807,1.4741951767446153
1217,0.0650851230295049,0.05196773001789663,0.9712705442622329,0.18725218606240535,1.1819025153498546,2.654933624782089,1.2621182288860842
1218,0.06670721057279054,0.050018508913695296,0.9203840540853344,0.19374979992014446,1.00046600243921,2.3859167788762408,1.29676071364724
1219,0.06404604349793636,0.05352023100697523,0.9824200124183394,0.1875344678441378,1.2039724749557272,2.833551201700164,1.3453550134794852
1220,0.06658617415913663,0.05232548144014434,0.882696516246584,0.18119196645890806,1.1969097922203948,2.5472426944735433,1.276676348642681
1221,0.06545616627661721,0.05488094626764428,0.9140618919937853,0.18468937092795293,1.0488701801616285,2.652673913682675,1.228582827112144
1222,0.06707927009553542,0.05322087659546824,0.8162545392242926,0.17357805481166405,1.00752879915468,2.541481623892839,1.4341082613262957
1223,0.06589816608326945,0.05157700887616605,0.9230684727850106,0.19297485525394828,1.1973165323290949,2.528930847084805,1.3638608635893836
1224,0.06435985082674683,0.05821247932230576,0.9385255374377123,0.19768665932196336,1.0384157171968784,2.3852310027616666,1.377204228969947
1225,0.06442803007427035,0.05577955504246297,0.9395376733330935,0.1834110796587133,1.014660902394701,2.615627424373704,1.4129072897607566
1226,0.06396010890602695,0.05515345488761357,0.9676744541984766,0.18520975792237895,1.1567580657356888,2.735960246503131,1.392569933723719
1227,0.06685112847327356,0.05362558473182876,0.8598772607185008,0.185755615620726,1.17289668794563,2.4214703748919755,1.2842433651892695
1228,0.06578736486889084,0.05416479498034151,0.8625292166355569,0.18359628599161298,1.1228992068935761,2.8545181062304588,1.3580867953093705
1229,0.06524047166668201,0.05864583958501641,0.8376076170310962,0.18862387341814846,1.1677443067134559,2.8025490642866275,1.3675555438222284
1230,0.06329969947698558,0.06006585297197972,0.9895193262536781,0.18011855309659186,1.0794511419572541,2.506138885603972,1.2309509938077081
1231,0.06553325920156478,0.0581526752407042,0.864757617461004,0.1784729264746783,1.1603869834698892,2.3829877433485285,1.3956106194285127
1232,0.06483869519632113,0.05626391432427588,0.8994345500125314,0.17423382605999368,1.090053827616688,2.7603294025717235,1.3727310879438614
1233,0.06717128042712987,0.050149928112018294,0.843354531241153,0.17217491552056657,1.0573657748149525,2.77827419406464,1.344329520990212
1234,0.06633059919857745,0.057714999523618284,0.8409397720531586,0.18429380232046672,1.1333939204447614,2.3458746639640853,1.2977202955656317
1235,0.06688336664491817,0.053775753862345205,0.8236139012639375,0.17681224395211523,1.0879391156678004,2.7714584626214416,1.2668481432878271
1236,0.06540823832064528,0.05699378953235819,0.8639474892571359,0.18032937773888064,1.0934918564853158,2.720044500823361,1.3359675560467394
1237,0.06462674502994359,0.057481363610011105,0.9249757891306407,0.17823037347260592,1.0084622825501073,2.677336645505157,1.240710194332075
1238,0.06416656055093067,0.05368485893717628,0.9773479544226267,0.19247062486930597,1.1518113947978592,2.6376505295125807,1.441160539605668
1239,0.0653624874574159,0.05131723963284844,0.931405049048947,0.17576442358990862,1.0590738952968064,2.669680906200871,1.457729201258005
1240,0.06533953828326353,0.05839504123963885,0.8791196362168066,0.18553675645586148,0.9914498642272264,2.5216066182387125,1.2715738428295253
1241,0.06570510904989513,0.054664212688700906,0.9164475124168976,0.16326590005400207,1.154247413955406,2.358733099633427,1.3260330943798395
1242,0.06746129303736154,0.05105440390957203,0.8436155455305798,0.18090419575983296,1.1012430657257781,2.661307413981594,1.2229624001586763
1243,0.06549702529921532,0.050524724811779886,0.9456722614496399,0.17485558510994562,1.0874986613282043,2.8146817264291286,1.2918520746143587
1244,0.06465088564704871,0.057881986009531025,0.897838574862818,0.18343383766957624,1.114743785187291,2.5831635178766956,1.4250701970264974
1245,0.06635985922593957,0.055322851471975173,0.8261377820614488,0.1881182262725031,1.0665144168330625,2.706575220473338,1.3584426030132015
1246,0.06608874979916833,0.058391131696947464,0.8342335670825951,0.18573266707402714,1.150061762529601,2.343450291785643,1.375794343783931
1247,0.06356689036905148,0.058019614824897245,0.9592768038266694,0.16461682101709768,1.0332723955113792,2.647755501370721,1.4101197258265872
1248,0.06602914803978592,0.05789707591627719,0.8354282581731012,0.1716201780600195,1.020314375525341,2.390317361743447,1.4088947575081252
1249,0.0656816505028566,0.0524116535850654,0.9124676355515744,0.1887402379496157,1.1724223659306467,2.573670688688623,1.414598176933353
1250,0.06436338226367529,0.05829186098691437,0.9142841130021766,0.1748253224215681,1.151083978499543,2.651121737680355,1.354942023401906
1251,0.06554245877935351,0.05044901182751311,0.9399729556565607,0.1813244554896646,1.107458901001756,2.79588222477211,1.3270685057321614
1252,0.0633775913924318,0.0587257316635003,0.956758924075226,0.17639479754012408,1.191562476413898,2.5997513991416605,1.4638579760033865
1253,0.06415693866317551,0.057788540278139094,0.9501940649582844,0.16905253624701652,1.0523154493199054,2.4661563756738003,1.3728963325724874
1254,0.06489926644271049,0.060405013593324786,0.8392230434233974,0.17781181541143937,1.053529835550039,2.6759053287255252,1.4209881901744668
1255,0.06477000973514459,0.05977042197891889,0.8920777776533519,0.19001112187774047,1.046888584306408,2.57995754007266,1.2518875830453435
1256,0.06676710449776037,0.0535553952192452,0.8324250089739254,0.17958185908893654,1.0477693341925254,2.5986702779813604,1.3859130147616907
1257,0.06646024196607354,0.052604717533473705,0.8556610460009164,0.18916894339945683,0.990948730438583,2.5476073857008377,1.4729296121489368
1258,0.06329861142353396,0.05908246642579095,0.9643865395236775,0.1698196688380119,1.1890435701509343,2.7716692421525346,1.3068126288437742
1259,0.06737701374661202,0.052473183455758056,0.8349157672939649,0.18527266427526548,1.0829045274034792,2.5105717569823134,1.2823390913789263
1260,0.06487410192613358,0.051547003576575996,0.9528783456271731,0.18697605911270446,1.0223899536625045,2.7454508301222,1.4418534906609366
1261,0.06582317410151306,0.053125943789667306,0.9418441379507485,0.16362050533987732,1.1427204584101656,2.3637382224231254,1.2513821643789955
1262,0.06555255776328348,0.051091179969762986,0.9229739246585352,0.17201643279075896,1.148322936617774,2.6326980402614537,1.4798741200899819
1263,0.06487601370381704,0.05580087396713511,0.9499297202297005,0.1782309718372746,1.1110024555236404,2.4889463559395426,1.2521144768300416
1264,0.06518606095942346,0.059408783011760745,0.8467803242222146,0.17829324533724666,1.173415622341888,2.5067899311050557,1.4549716280588105
1265,0.06354100238599818,0.05812901386405323,0.963750043210507,0.18757159485058217,1.1533645873971516,2.77533382368843,1.2943821264691353
1266,0.06528606425100232,0.05479390019417291,0.8732024041196628,0.19264577226662186,1.012093613161963,2.8444888621876303,1.4368464168120298
1267,0.06476636877435656,0.0513455966483438,0.963161195935091,0.18564333161561675,1.1109250917470805,2.7192895241332686,1.4521496952269362
1268,0.06728620426528731,0.05369373394324018,0.8416519872780123,0.18541397260029302,1.1029918716505982,2.4103817709074926,1.2324851537047088
1269,0.0651894773695316,0.05357036013931118,0.9057778752631837,0.1824014805507398,1.1388351555455951,2.6829412909300125,1.4789676005211212
1270,0.06419083959818717,0.05555693298134033,0.9862140131268363,0.1671094562719854,1.1866082138783085,2.475861966145225,1.3198744138009788
1271,0.06595411371673138,0.05927551244076802,0.8213851722728416,0.17232046845153234,1.1554535358537337,2.3669031130061224,1.4192158704758855
1272,0.06511170479976533,0.059410793703905874,0.8570678636733361,0.18262870110453078,1.1428043877238263,2.817559059788271,1.2199031231691413
1273,0.06527293157253716,0.053110833971939865,0.9414099891498853,0.18737283492194395,1.105279602683381,2.5018092016041886,1.3766598508912886
1274,0.06396451688530881,0.05845387536746992,0.9091444926579453,0.18613385916054986,1.185798684243692,2.7403188146482598,1.4686201835833674
1275,0.06614826423972371,0.05234613781051851,0.8727683066109274,0.1754910517880584,1.0982040904303039,2.749905792793916,1.380940548753062
1276,0.06431433564441202,0.053865178502952145,0.9729862131005298,0.19607230710686793,1.154835078316915,2.8538820240882874,1.2562861511095518
1277,0.06644952350299937,0.05269864701818059,0.8695373677633861,0.1652628369121322,1.1173997664523312,2.784963471628831,1.2330657749148672
1278,0.06808826217953595,0.05094783396963171,0.8192367318365689,0.18789899494113885,1.1944139639771683,2.3969367244531616,1.3092120235358429
1279,0.06700490165624581,0.05474375845653844,0.8367250130950383,0.1923245708759789,1.178009486165732,2.5053404865297946,1.2180060742904453
1280,0.0647637706418211,0.0538304466234093,0.9282467321547941,0.19755921777918492,1.1647758817949205,2.7729968779447662,1.418539040240975
1281,0.06444774488636282,0.05955967036422781,0.9015116560587726,0.17903466376582122,1.1680885196847064,2.576935517157014,1.3382465769899137
1282,0.0676711310449289,0.05056417382628087,0.8381321452957905,0.18249318649504107,1.0226783323305195,2.442942741675915,1.3592201253815865
1283,0.0661648974325524,0.05291735697120663,0.8701747614122176,0.18401487972315825,1.153065579736987,2.523145871259619,1.4830937155694635
1284,0.06314283605727475,0.05921718671960193,0.9420084024363011,0.1768439295275899,1.0693391574617213,2.8285504693169528,1.4612480596628834
1285,0.06560112851296793,0.052556675518494356,0.9566456597389609,0.19171877879918106,1.13622357201166,2.3952044814747318,1.2685954875240175
1286,0.06530984307632423,0.05972630753678124,0.8207789132455865,0.18518424258050908,1.0284345342523156,2.6936841153651647,1.4247956141710991
1287,0.0634068483957505,0.05853428220675911,0.9721292474244435,0.16747899159922644,1.1357415175247305,2.4917845455303165,1.4435485486739499
1288,0.06631351904284453,0.054494417267401625,0.8437701396240116,0.1928538537234326,1.0520350902980458,2.5571714692697576,1.432195549821408
1289,0.06475402781018906,0.05620885787811155,0.9267136477470366,0.18003275030349372,0.9990362228809119,2.460336193951219,1.4296052861846116
1290,0.06564674987288359,0.057005708990670693,0.8542659910235,0.19327703955823097,1.0073447912092197,2.6646086751319786,1.3373593096561762
1291,0.06504212742846274,0.05600917496448141,0.9274439431340273,0.1878254408914713,1.0380871903286333,2.3620783622351373,1.391342179958429
1292,0.06488507664078265,0.05555348812476729,0.899188281462732,0.19571277250961702,1.1889790394739772,2.6599450012703683,1.4765878830776842
1293,0.06473079784011629,0.060420499407459145,0.888076591708121,0.18914290458814723,1.0386555747300816,2.517828698292942,1.2755253327289986
1294,0.06518001863013706,0.05188281029255552,0.9519452476336461,0.17641001297107609,1.1589809433919138,2.706871553151486,1.3240807384605446
1295,0.0676886109418637,0.049533961076316864,0.856169876070214,0.19372134652205897,1.020751215520145,2.3522111913310533,1.3847026092031536
1296,0.06494259119606298,0.05426119098076724,0.9473759156450093,0.16500129717338663,1.1739427170543477,2.7286291611755655,1.225675375368792
1297,0.06614731586276044,0.05137059225458319,0.9136541159338963,0.17291529217418686,1.2064211086092065,2.438135903816639,1.4063433577305424
1298,0.0663094194105913,0.051299118707961326,0.9069735733664466,0.19538709500894547,1.176609313695706,2.522099001658387,1.3341017475544796
1299,0.06586248973154682,0.05197652497644622,0.9340029223846161,0.16313642898946235,1.115632412117952,2.533182688868769,1.2781925660702746
1300,0.06541312479029177,0.05242948711941536,0.9714947004362079,0.1957260906339074,0.9982017216679234,2.388299853572492,1.2644636798628273
1301,0.06427331028578398,0.054498849921946334,0.9706677059421129,0.17468640768540064,1.1234541960689501,2.6391679424876666,1.3736705457886662
1302,0.06749992161933835,0.05076827230524524,0.8129454473157233,0.19780374041788612,1.2070604732673993,2.711635492689781,1.3891927629304424
1303,0.06412707045599725,0.05502953699949918,0.981900304695622,0.18080035304443332,1.0918745919515922,2.429274323862063,1.446336521118606
1304,0.06801374029911611,0.04985558038867542,0.8404986159822221,0.1746188976483207,1.0804666713314452,2.502541452288767,1.2359952185022531
1305,0.06384303972782714,0.057456160737412706,0.9603550525411746,0.17205953520472986,1.029285442177438,2.5464462506268846,1.4083113606282278
1306,0.06618778866172324,0.05077833948305947,0.9318480809342472,0.18979129761235544,1.0928919593251223,2.4539410648260622,1.3159070143584155
1307,0.06588924064845271,0.05179609229153448,0.9456202255038215,0.19715992842872104,1.1360221850473677,2.359977577661531,1.3141705368564611
1308,0.06578055293870108,0.05680876094149704,0.8238394570116518,0.18613828884937875,1.043340807584118,2.6965430752554376,1.4754520678054548
1309,0.0665714256978399,0.05355924209179021,0.8631514476034895,0.18570264113796547,1.1209737315694333,2.5916326883513414,1.269871842426113
1310,0.06367301011505158,0.05995152444923546,0.9114771936869421,0.18040609191056708,1.1262953363913724,2.845169166928663,1.371306310592296
1311,0.0661124967469662,0.052672212166651494,0.9196758014027941,0.16597033673877698,1.1750314810259817,2.460195599488027,1.2559764456606586
1312,0.0652728350275884,0.056661577703501886,0.88525871127876,0.18177234653302696,1.0547081433561156,2.776497348159148,1.2473289444765685
1313,0.06460441877025147,0.05589091379485512,0.9652817843863916,0.1815853684921704,1.0033059660981973,2.3673400884924165,1.331204333217831
1314,0.06613653806820263,0.051940521871956,0.8760213910875063,0.1757343374205861,1.0762085520430509,2.770216646411757,1.3877539278637672
1315,0.06482904708735267,0.05747112425554074,0.916759654512393,0.18244400894322052,1.1746816765844104,2.6125094316596877,1.2529556326991909
1316,0.06349985938405331,0.057333776692733915,0.9586362893188771,0.1652228238426605,1.1134151337623936,2.760480947921784,1.4271984291702768
1317,0.06516822364996148,0.06014199252497824,0.8387655727666,0.1920889535946237,1.1724822004802413,2.639168911600754,1.3610599319667742
1318,0.06672023085784318,0.051353016478032296,0.8692223948652239,0.1697162395043454,1.1228920687960802,2.462045641677366,1.4521613964188353
1319,0.0669629170432123,0.05355849985409307,0.8192687247827024,0.16963257701953102,1.087227961479279,2.83795459909594,1.2414945566198197
1320,0.06548542098029209,0.059184275513206076,0.8119330100856256,0.1829165283509962,1.1058500890413185,2.8207397257910682,1.3780432271771472
1321,0.06370911994148466,0.05878830224254129,0.9522454694376312,0.18704164233048065,1.146082124962466,2.6115561456587346,1.3489135613994532
1322,0.06544256631503313,0.05488374956233075,0.9276088642495869,0.17988333605566093,1.0360190227799757,2.3486083908856554,1.343308580932067
1323,0.06489617881673826,0.05549645036112996,0.9489980748261863,0.18698590439759788,1.094888303413948,2.468695681854517,1.2881785156430592
1324,0.0663299190516019,0.05703271110238772,0.8114155587617796,0.18842258706260093,1.0129838188163913,2.4902903258789735,1.452311004543612
1325,0.06528522749489274,0.05631342769877069,0.8813394018454462,0.17760948697044493,1.1575962529376416,2.59489495006223,1.4129451278439116
1326,0.06477602001717532,0.05595773343883773,0.9582064464487852,0.1643549387844156,1.0241164318546598,2.4254088803014944,1.2693635463402155
1327,0.06542174266043167,0.05941989220624128,0.8513406401210625,0.17805218877306347,1.0987171861476341,2.4175792632375357,1.391675094255704
1328,0.06547761371041519,0.05222986822952268,0.9419750510201383,0.19051896563136925,1.1490717928124046,2.559667900339569,1.332370168870325
1329,0.06454353358044634,0.0566273880392609,0.9055994629470806,0.16501508781311724,1.1758598466386816,2.8345595627427143,1.3701287051944555
1330,0.06615573137125308,0.05263287486618596,0.872720512679821,0.19408249378237552,1.0518089127716401,2.779842958188504,1.3308701418579132
1331,0.06291874141603765,0.05829251448315104,0.9785254626385032,0.16285622545069428,1.0336274046447924,2.787600599700933,1.428124488465679
1332,0.06463236736851662,0.0557571371040073,0.9371220768050255,0.1745887747329104,1.1553622319046346,2.560744232787913,1.3854840434784594
1333,0.06547374645661014,0.051691323114289624,0.9292052867277699,0.18646550492280067,1.1444004158277543,2.822154775392155,1.2948214668581657
1334,0.06607703447998456,0.05341019849355217,0.8961419458757736,0.18242746127572407,1.1992472738347515,2.6434324271053575,1.2331140694071545
1335,0.06569750895168018,0.05797553967058769,0.8750075107633537,0.1895218116392944,1.1996932657405361,2.480316726753532,1.218059030856724
1336,0.06381199889743672,0.053811594732030024,0.9843380740982788,0.18324538191647272,1.1107087918484448,2.7655344163043325,1.4445762680963707
1337,0.0650096632662008,0.051127976678464075,0.9825943643718148,0.169046207446533,1.1601638192577686,2.6799430697366895,1.281425546132223
1338,0.06637071784066592,0.05279977404491824,0.8670989161347396,0.16785004294178588,0.9980297191904356,2.4632721912660407,1.4762088486035179
1339,0.06701231447670346,0.051305071453001616,0.8350413251063779,0.16648023818650184,1.1339093570267254,2.7800883830420924,1.3565259699881362
1340,0.06461855732417918,0.05937691769285819,0.9316108324317194,0.18508954755773435,1.1674349831328927,2.377469839147191,1.2246266892015054
1341,0.06519214215014019,0.05061594730172681,0.9696779295561672,0.18752176224994585,1.1611912951589736,2.633909700362819,1.362237899326028
1342,0.06366823631894546,0.05790508956607461,0.9764081217756517,0.18683927925200955,1.101963398612005,2.6245974675858483,1.2818439975926303
1343,0.06615876503314708,0.05409627242167545,0.8954473080472244,0.19335486375163274,1.1643354451759838,2.4574550712108505,1.263135060448028
1344,0.0641851599100737,0.056239720234974415,0.933921798195074,0.1923808746257009,1.1211024193164605,2.699376707826384,1.4457018574269942
1345,0.06309582673919611,0.05953148474344505,0.9808033835677391,0.1817506355421831,1.132638776878907,2.551154629800389,1.381821084268268
1346,0.06536391200816664,0.049597461790631694,0.9744212907594616,0.18561994334665782,1.0511943917783433,2.5625366877545774,1.4020531428575067
1347,0.06653430939904703,0.05458752387736961,0.8700984029310195,0.18870411775504425,1.0412677315778673,2.3517509761475988,1.3045124287302927
1348,0.06448593621605744,0.05848466621913876,0.8789215736500067,0.16308513788876106,1.1811733491584389,2.8301873585920183,1.4017738539217335
1349,0.06509144995762692,0.05560462382267355,0.8827307318098889,0.17666614742864922,1.1160830895948401,2.8070993548035204,1.407000541120524
1350,0.06521498621428434,0.05406906836892368,0.9355469582839475,0.17281065257197653,1.1935786566066209,2.617651422959292,1.2801974748667713
1351,0.06658919100754118,0.05434457318065628,0.8353898202992953,0.19275499870123,1.0639002929982202,2.428410369139998,1.4732378667509636
1352,0.06551799703025499,0.056191214535430634,0.9150708966192815,0.1914332887621015,1.080242726249527,2.43726123438901,1.21973077859529
1353,0.06648914710534994,0.050313426338211176,0.8940924698348212,0.17856542960581337,0.9989632123477072,2.5163258869102134,1.4411902848170224
1354,0.06459265430079636,0.05994771175978437,0.8521310415242347,0.18386155126062725,1.131924419661275,2.70554799126427,1.4773984552639556
1355,0.06316036078631665,0.06039630620033688,0.966674526309088,0.19206457644553504,1.0319401935405097,2.605599406940198,1.334916144151565
1356,0.06542896595935263,0.054603277386726705,0.8918096050071525,0.16518373536792313,1.1034297422419546,2.6467329464267313,1.4108416567044981
1357,0.06593816060873749,0.05810143452226079,0.8305277838244454,0.1846866064160464,0.9905265789998848,2.346170295700444,1.4834630747844053
1358,0.06716217368622528,0.05300753659797666,0.8132246173330695,0.17638348665884365,1.0876358040576841,2.69674616541437,1.3388541668968983
1359,0.06390212193972433,0.057364895323925774,0.9555648833287091,0.18362428799183472,1.2046418908988534,2.7818056910893914,1.2684669080287503
1360,0.06663880104185142,0.051516317801897714,0.8816232939636415,0.17079753186116292,1.1197310155355509,2.706446928359171,1.2353365273320753
1361,0.06737253963178114,0.05321665465665502,0.8111956006323909,0.17346623756465732,1.0443764479882494,2.7153767154868627,1.2409672784676196
1362,0.06540486908491927,0.05355941835689061,0.9362300089058057,0.1824033229325398,0.9938841674607537,2.547067390548055,1.292673805659484
1363,0.06493329692341554,0.05596509763899242,0.9003695936934765,0.1723544993310243,1.1219324042519625,2.655406453715324,1.423015326945354
1364,0.06445723621077178,0.05796243982702755,0.8879233837788635,0.1787865638673251,1.199013708240032,2.7395816110017224,1.4558987285397806
1365,0.0644503556684412,0.06020146031538201,0.8787181865876176,0.18257339075411083,1.0333182983693283,2.8491818968949487,1.2525633645316072
1366,0.06625538289810812,0.05273453685904706,0.871368562598753,0.18266355338218318,1.1538241965911353,2.5736254345772562,1.4243539997614167
1367,0.06581746663236887,0.05368343473898882,0.8830452400294873,0.17236555486093122,1.0610320308743277,2.673458845759296,1.377664896798631
1368,0.06363475253160553,0.05869260036094494,0.9624634308567336,0.17516804640482436,1.1441436311917363,2.5654670488029048,1.353508728112197
1369,0.06635175244815025,0.05279384767260764,0.8899161343566492,0.18409837931800213,1.120848234320353,2.566492073261188,1.26946121378587
1370,0.06539092098431407,0.04996975458221447,0.9699032271004108,0.18972828184352303,1.0882648194237219,2.6698195779829046,1.3177114114208293
1371,0.06546898258455924,0.05603294778423852,0.8747501490809714,0.16972917071670163,1.001566951115023,2.804301114727626,1.2781312405530254
1372,0.06392281564447033,0.058134233660188064,0.9823839194660182,0.17514025476377948,1.079795308541761,2.369448003442497,1.2908505604818767
1373,0.06439995094470496,0.057102025739236,0.9666547183817584,0.1761063620392312,1.0622471420235349,2.391353086293407,1.2810925337362287
1374,0.06636610247573879,0.052101825518517046,0.8809745675020834,0.19448828702015902,1.0466665895495673,2.408409028680703,1.4806891782098757
1375,0.06533329294209966,0.05263426967884672,0.9321804929708211,0.19430695078344284,1.0673631571660387,2.7472080924794593,1.2955527835798657
1376,0.06491633703937709,0.058181133153900035,0.905623491811664,0.19646020733122238,1.2008873102908686,2.499191725576556,1.2965912931490062
1377,0.06530533118029744,0.05430914493023683,0.9438796337339945,0.16812424047659372,1.1158469215181719,2.517682630887363,1.2375001260757825
1378,0.06357267857124492,0.060494108042488566,0.8996812087854673,0.19021658519600526,1.1472899542300652,2.846792587355832,1.4339597411427978
1379,0.06366252615514095,0.0588310569205285,0.96293635145118,0.17345820175492788,1.187674473808546,2.5096216104659734,1.3630139725361923
1380,0.06483424830601703,0.05336280856754967,0.9761522566742825,0.1836807891303607,1.1097991557266702,2.4219924399786987,1.3575096882789328
1381,0.06495148398506717,0.05506641747165073,0.904186912180009,0.1978111164560791,1.164197926679,2.8268675451544705,1.3548665847464252
1382,0.0636755357798795,0.05756123936384011,0.9693822862877995,0.1691669113073804,1.1668503914581823,2.6142428202162313,1.3626346046911246
1383,0.06770280951129322,0.050035312876379696,0.8526895921206485,0.16370369578767094,1.1598455083056096,2.560109224135405,1.2283335231281947
1384,0.06378053446861633,0.0595118623569545,0.9535715579020831,0.18735089524869195,1.1847155212483442,2.4120797021704297,1.3764943028031278
1385,0.06689350491720611,0.05214739553104847,0.8440493119353519,0.17103030219324994,1.056650321644064,2.56475679662741,1.4096343170079237
1386,0.06378955854055733,0.05860602996073449,0.9715987063252031,0.17426759877461317,1.0427055539303485,2.5518150828732136,1.2537217207633307
1387,0.06581294660019522,0.05434554034395376,0.8443860461795226,0.1945805982218151,1.1185412435948372,2.8395858201494044,1.4543197202288676
1388,0.06646898062741581,0.056231991430679425,0.8399839048207332,0.17850617400924154,1.1166644952962215,2.530744123549173,1.2627476970792295
1389,0.06676199172230513,0.05255410441439963,0.867178193203526,0.17722980215780473,0.9986177119231612,2.4997960108411825,1.3202210362833606
1390,0.06430031031004266,0.05981735578225528,0.9004170898384153,0.1828550913874851,1.1654992294334219,2.511468830312951,1.4210011287319462
1391,0.06604209435108314,0.055804043522056104,0.8739564714016199,0.1790216390860962,1.0695966766623561,2.3910041832113196,1.3412636791472017
1392,0.06438527880194367,0.05438863994741906,0.9795041035030113,0.19196114869246522,1.1190357411052014,2.4604003418318947,1.3948209377911929
1393,0.0670653113148807,0.054296855687823505,0.8521544351930663,0.1935627442369374,1.16063687623923,2.347433488878631,1.237449480969921
1394,0.06634815335674411,0.05529138261551187,0.8592081251095891,0.19426800172739306,1.1767171838689903,2.601231123571448,1.2215380078507687
1395,0.06467398154387832,0.04996574086257194,0.9886294597821395,0.1653482878122939,1.1373864503685727,2.712976759209962,1.455881273165622
1396,0.06451057807271976,0.05554043715540769,0.9459446288344376,0.19595222255137346,1.1367942092214751,2.833958838974699,1.2173046509467718
1397,0.06542254977165851,0.06044160366842592,0.8317115317358703,0.17364948903288915,1.0093452191936003,2.4005064358927295,1.4388723643158734
1398,0.06459364309272518,0.0540648189547782,0.9800086506494761,0.17833575850148645,1.0560545622643627,2.378185267816438,1.3949852977046298
1399,0.06702132440049184,0.05363164157765825,0.8216110393899848,0.19270706017740374,1.0601674583726006,2.4519190822846015,1.4396653658936218
1400,0.06754178285206441,0.051001551714210516,0.853005256599939,0.17283623771188958,1.0109288625224444,2.3674402671553025,1.3276890837356106
1401,0.06498350883944584,0.053420353102911725,0.9527088719492431,0.16391072885862987,1.1137026378903219,2.7772211403070903,1.2197964136962671
1402,0.06676951732316543,0.05345242795062247,0.8493733348977728,0.19247678751300512,1.0160736549749654,2.466923469914147,1.3689878017768131
1403,0.06507248163202745,0.059533623960576015,0.8898869095359084,0.17991366419822657,1.109014212376995,2.4525095926482305,1.251525961374924
1404,0.06431182488606679,0.05962608608700081,0.8925485743688965,0.17547086010502239,1.117789862481263,2.5604369957376747,1.453827837469949
1405,0.06544938595809358,0.05122494267092187,0.9712933389140317,0.19065935146337176,1.1710233569076336,2.5431059475097166,1.256323598403589
1406,0.0664765006181185,0.05118416906353183,0.8990138149467612,0.1687133575821307,1.129805427453481,2.5604035352462557,1.3108740423136291
1407,0.06440288604704184,0.05494814769165084,0.9606830803099397,0.19546989026812203,1.1237099464342397,2.556304699098874,1.3957735169713597
1408,0.0667360379927626,0.05379559392911447,0.8423004401445313,0.16820625783508808,1.1039108033082663,2.58081345023193,1.327521599768244
1409,0.06537098932981414,0.05265962520882036,0.9680179247183622,0.16784620133256964,1.067353323391831,2.380593335313932,1.2917751960748376
1410,0.06462974142631149,0.05816759755503958,0.8646263339792283,0.16767421404887814,1.0090050667026644,2.8549354496797323,1.4499675872531443
1411,0.06651113010314799,0.05450120875201721,0.8275247906191454,0.17007988383233438,1.048470486574206,2.8230744734237456,1.292614071294273
1412,0.06578536804545199,0.05244666924142882,0.9032276226853716,0.16370683748067646,1.0354507454715218,2.807500440382886,1.2876811276608682
1413,0.064778533243459,0.05596522766102276,0.9419046997340896,0.16734568611390618,1.051997857287342,2.5698753538363,1.2774749950252189
1414,0.06538176218284977,0.06048791152141196,0.8320524995525893,0.19588562922374012,1.1874142477388308,2.6916301427459146,1.2557280624898406
1415,0.06479545280154993,0.05141702216743167,0.9659065774393154,0.17164313922748653,1.0608524512234108,2.725839467438994,1.4166840836021939
1416,0.0642687379999681,0.05773767293504606,0.9543870621608368,0.17187924320495418,1.0855432272971024,2.435714194884941,1.3259740221518197
1417,0.0634471374289754,0.0602073674534761,0.9548842009655268,0.19473114087441645,1.112302893244127,2.4848870974025035,1.3899440789775699
1418,0.06750382868268769,0.05191992746771553,0.8101636746736124,0.16838458291277064,1.0137580362219227,2.6059741175602986,1.3808971955146672
1419,0.06536984695194185,0.05465482026717092,0.9122341121276607,0.19695426034828803,1.138840635038032,2.6089435655794544,1.3174486324170955
1420,0.06513770787636985,0.05737379416861868,0.9050227250902192,0.18747275145781428,1.0509746243159357,2.479964842023162,1.3010725665566834
1421,0.06541680843819381,0.055599165853648436,0.9227249574365105,0.18285474776276328,1.1610022166233682,2.3751536834474343,1.3025455794264962
1422,0.06557556498662338,0.05198918121680252,0.9524742015529687,0.17128876534752327,1.1061703358617585,2.3656981891893074,1.3771796020498153
1423,0.06544778380331356,0.05256922730120722,0.9072907729025,0.18002819527137764,1.0144060024021007,2.7203415220094023,1.4350122771161242
1424,0.06550351211497975,0.060293425105522415,0.8492571850518305,0.18711007092145415,1.0550228797769379,2.3897008625375573,1.3135853734342227
1425,0.06627527055212791,0.0502593364000422,0.9144100061382114,0.16374852214284938,1.057345058221197,2.6457100527358426,1.3204816289268935
1426,0.06264199502535926,0.060373917110578004,0.9856640053230559,0.1970068364087099,1.0645102336314571,2.5512613660161194,1.451680709791247
1427,0.06478859963521783,0.053372927323430075,0.9495518412347537,0.17064086339222098,1.158197768554541,2.675944771963573,1.382058516926182
1428,0.06512299555666368,0.05821180352421235,0.9081325737431213,0.16439133563370043,1.1991890678741233,2.3932897145944123,1.2717702743853294
1429,0.0636210090299,0.057178717059147684,0.975739790157688,0.18560422681129468,0.9960101822974993,2.8412369928828944,1.2314581695515312
1430,0.06461996459699726,0.05812943185245099,0.8886946251821051,0.18058980777478495,1.003829866076961,2.7191353123164093,1.3886593319281466
1431,0.06534369862970917,0.05458624420686307,0.9015888370417765,0.174598675106781,1.15193482432585,2.797083560074978,1.285134289691256
1432,0.06382179158021418,0.05580446596909827,0.9810884637912303,0.19385291275856553,1.0001411450666116,2.4995316039220277,1.456168877241891
1433,0.06570257209731657,0.05907320589328151,0.8304004231032777,0.1768376285015038,1.0027419363145533,2.702211554043637,1.2651290104999324
1434,0.06434283061644305,0.054769264165799934,0.9719906729601792,0.19177045426199849,1.0254477411005107,2.5589130450926647,1.3638424244026068
1435,0.0634206735628072,0.0593685094416858,0.9337762237436251,0.19126225444120334,1.0948897661526438,2.701069560168244,1.469767278614509
1436,0.0664127060667947,0.052831905337951186,0.8738424382335357,0.16609151000929484,1.1831880965236652,2.5588878254013543,1.3513769965795912
1437,0.06645170168626072,0.05106623942312167,0.8965576485731739,0.18455878664712871,1.0494102557447336,2.6481047303318794,1.2883105938640276
1438,0.06692127302779186,0.05282196478526641,0.8378806863898063,0.16757824985667197,1.1251982869730974,2.763658588734399,1.251798836560004
1439,0.06576533422746146,0.053142858526668134,0.9009253206442603,0.17469758352021925,1.082639769431856,2.5302835383987032,1.4227970935373935
1440,0.06528814119758722,0.055811791968020864,0.8720178063124076,0.18035980336010982,1.1340096635811305,2.7986117548001865,1.3843718154265383
1441,0.06447052316285018,0.056337365047323305,0.9420567368754769,0.1803671332733856,1.0028108841990682,2.66347961300365,1.3019708238054442
1442,0.06534362166041494,0.052187526902710495,0.9635238648981268,0.18049945085187138,1.1343914688933423,2.5591828818227564,1.2546850824021922
1443,0.0648616079367556,0.057676669421502735,0.9368014641214866,0.1817955433947466,1.149273605482857,2.4126753251176734,1.224327669374377
1444,0.06493536347685205,0.051271051484979166,0.9607024740626436,0.17380982731176764,1.1884704351603834,2.6427256608912826,1.4585100918870844
1445,0.06629462220628117,0.05704257298241253,0.8171759558325543,0.18066711014049827,1.1220046130725523,2.5827781274828086,1.3697113728330375
1446,0.06651176415167194,0.050392400537799906,0.8819279429121962,0.16255998658184,1.0908208041688587,2.7163418979651377,1.3766691105357498
1447,0.0668434723871636,0.055616004566199,0.8104599577651131,0.18896273902081884,0.9967304689605243,2.692760854165283,1.2535878294702407
1448,0.06505490769551724,0.05931844629268055,0.832771179917224,0.17339992619835096,1.0640610124846053,2.7672905504869503,1.43886170735275
1449,0.06538892216499667,0.0603319977128151,0.8131565844598451,0.19152564472432726,1.132722043383976,2.757315715259216,1.3456201808951347
1450,0.06386993819512163,0.0595789309563743,0.9436854912193827,0.17337835584737957,1.0444909360482648,2.6592535579925194,1.2452759109840694
1451,0.06558162273060807,0.05681771550913036,0.8838788983594299,0.1767091003262473,1.112451725838985,2.574711820390265,1.2515094083609049
1452,0.064489106247368,0.053242323089032144,0.965566745659656,0.18401194967233825,1.0974910132559847,2.596088188764345,1.4579821672570532
1453,0.06604617578522357,0.050312895492362585,0.8880966118894749,0.1930183730896785,1.1278405214118148,2.8509858036389857,1.4330176702102233
1454,0.0647959369462648,0.0568445122110594,0.9526828167114035,0.1800908778507422,1.0639986100405345,2.393932740701051,1.2357585683926362
1455,0.06457024343085657,0.05292936742392643,0.9667691005359064,0.17735596511700338,1.1424544025947079,2.6495305672266833,1.4127802739163513
1456,0.06493879654623663,0.05327992434034313,0.9417325264848233,0.19517912416077415,1.0238137116271806,2.8351083994053017,1.2763916042223027
1457,0.06643866748481309,0.05223927753278282,0.8628817863894436,0.18981224105348923,1.0786348671622188,2.5429530094098807,1.4692334108713254
1458,0.06693090625138459,0.05132120248694711,0.8421642885951491,0.18084200834577624,1.016405515286406,2.7051324025713406,1.388317934898191
1459,0.06479014414688944,0.058206967673385485,0.879143643980492,0.19248896585603906,1.0227243630385519,2.6168014899787098,1.4386026687478104
1460,0.06509672033957184,0.05955800634631502,0.874323284215749,0.18584098390263817,1.0053495011326392,2.5386368858531165,1.283385782960241
1461,0.06488878104910123,0.05129246238347232,0.9572772328043283,0.1660912041303678,1.1727383899377055,2.784001141320372,1.4081629987338597
1462,0.06559560978255369,0.05417270999265397,0.9000278815726741,0.1780336807954117,1.186388830779657,2.686461780779685,1.302598847102202
1463,0.06488364137335795,0.0541415131061846,0.9454710180391034,0.18685570443028635,1.0856933326472138,2.8015872248827085,1.221163456336338
1464,0.06444944295914713,0.056348027303547724,0.9009252067204327,0.17624059553994145,1.0996175629783433,2.809131419767687,1.4758284044257244
1465,0.06459602346230106,0.05287122622388137,0.9704893252459785,0.18022467628350328,1.1019370943205948,2.7182502565687776,1.3404559350095384
1466,0.06686406462974565,0.050426231667477894,0.876851122288004,0.18145987785711787,1.1096140665979008,2.639485004731246,1.3138575234204317
1467,0.06508879400873968,0.05909412147348939,0.8517709216985372,0.18078381498028037,1.099747744797777,2.6764830503557544,1.3809985639102842
1468,0.06646785973734742,0.05681985123094363,0.8119864153076518,0.17372104610031788,1.0043280963742636,2.420781669412943,1.460982144049983
1469,0.0640378772658893,0.0581964580420884,0.9330457497851756,0.16946459821499865,1.0916237083358307,2.572909800046821,1.4231174233567097
1470,0.06743755520104025,0.05050424495029708,0.8101168134787914,0.1700019587852447,1.0001479447449027,2.831277363414617,1.3871850776954426
1471,0.06550887020538657,0.0565190996240351,0.8521280856606994,0.1817691215665887,1.157814521912079,2.730794459561321,1.4049487145295725
1472,0.06351536131526206,0.05692726526933615,0.9559494222228442,0.17882296097227257,1.1016259938724187,2.828986674762043,1.4273407482377374
1473,0.0643379987481282,0.059940213270568345,0.8821244996873201,0.1909556313671883,1.0900568524034258,2.7297555508302302,1.3711665689385846
1474,0.06556472550838091,0.056901622013359535,0.8860016138136063,0.1928521213881484,1.0200189216609414,2.4300179721001838,1.3278556924133382
1475,0.06798963563669885,0.05082012684723476,0.8218583964296714,0.18895456652604886,1.0916865608830857,2.4766898340760317,1.292185795572374
1476,0.06696654786284638,0.050324300884935905,0.8649602074362096,0.17458871535162507,1.1549986196009807,2.6376653965368986,1.3599488735399192
1477,0.06363913738900101,0.0603475535425095,0.9330151745400779,0.17002618845492123,1.2065827066056027,2.6242628921426863,1.355691444860811
1478,0.0661799192236446,0.05428671943589776,0.8349050418259939,0.19231892897896216,1.0005194042651506,2.7053959806063563,1.4645945684147608
1479,0.0655225655644549,0.056897982832180276,0.8340681760869232,0.17072313969163694,1.1368256535337693,2.8531251817270014,1.4053263633732789
1480,0.06538660423090402,0.05487567469605795,0.9027861389587227,0.16548846486159743,1.0334694528502837,2.5073458860614104,1.4238422435326958
1481,0.06456743607722829,0.051637230842025296,0.9809270303178657,0.19720635914078774,1.0737252074097812,2.650705199199411,1.4337554526272138
1482,0.06650414924583206,0.054365734496332835,0.8759716244836263,0.19198105427835493,1.0415871310678844,2.3908628281346713,1.2729815731373533
1483,0.06671831312231205,0.04979021481104086,0.8677542926374225,0.19094302437474353,1.0788928778180331,2.6776273829966075,1.4577159268763304
1484,0.0650317165395286,0.05800903269216122,0.8854943023067745,0.17462096823723144,1.0534715745483236,2.542218370535945,1.372617315850656
1485,0.06345829553285898,0.056704787336684964,0.9669484067232448,0.1950076403937803,1.1005643355433656,2.7754414000587886,1.430140563124208
1486,0.06595505611408609,0.05733074914988683,0.8358159780308663,0.1921386940741418,1.2031822147792848,2.49382505100938,1.412244399126778
1487,0.06661032878592148,0.05034122575561306,0.9002945058271835,0.17637940858913845,1.103273872490786,2.4945582910908235,1.3653119318600824
1488,0.06542628143408968,0.0564940608983687,0.8704231043087326,0.18859145870675956,1.0527853757071908,2.8535057373337196,1.2454186384382175
1489,0.06603248993825525,0.055384128427875386,0.842955454998732,0.19147593341313657,1.142390125235373,2.6674085058583303,1.3972849548052793
1490,0.06550692175551678,0.057394426032968245,0.8568871631719251,0.16549252174684848,1.019097227251344,2.6892126300813306,1.3310406332028488
1491,0.06617250649351229,0.053144931380745095,0.8969881003249583,0.16391461643472643,1.1651617702707342,2.533669968581131,1.2880854760405023
1492,0.0669880699380801,0.052324404185472226,0.8402317933131219,0.19495146109510675,1.1704419915986901,2.8006744079830597,1.2242082622085935
1493,0.06685290834857702,0.051823683757576844,0.8509848860622957,0.16587851025482508,1.1927288520815857,2.4802269533678265,1.462911354880183
1494,0.06572289394718275,0.052422641239529985,0.961817608847921,0.195472841814497,1.1415986453453137,2.345138650329844,1.2318458806509633
1495,0.06462339019272775,0.05324795120387221,0.9766303839943591,0.17635335904200422,1.1248954626080194,2.3981964672844933,1.4628557202193249
1496,0.06481022476301265,0.05487671019541613,0.9222133360039648,0.17653031744353126,1.045745374584931,2.70602213372861,1.3960634854546365
1497,0.0635100989717845,0.05901809648840193,0.9445414893631006,0.1866734345392428,1.2011745165563645,2.763708216615773,1.3568659831077001
1498,0.06482640621622723,0.05930387532090557,0.9139202313832218,0.16724654158241897,1.1825177621647318,2.3952284532922494,1.2535387623063783
1499,0.0647158203498732,0.05526308482902038,0.9173786097827221,0.191236771841219,0.9935789433488663,2.812200132611964,1.3594302443507735
1500,0.06531969427586572,0.05236669408485258,0.9562747210761585,0.19487281638491732,1.0744283497032197,2.544365522342444,1.3014710540921455
1501,0.06441194884250433,0.05262086446655251,0.9565797355994569,0.17908026874803684,1.0855343772017385,2.8511062153027167,1.4377780708965688
1502,0.06615597118263189,0.053664575518319366,0.8823464004207433,0.1818225057410626,1.0854240143516563,2.4901937256434397,1.3668107583298594
1503,0.066400022311359,0.051701883538278266,0.9016535409353634,0.16213058784665751,1.0663274864219745,2.575872365610826,1.2711003880928053
1504,0.06552412255192398,0.053401030929381345,0.9248710994418345,0.19604217551343556,1.073757983019635,2.3783533489636817,1.4358502543847003
1505,0.06714934999589392,0.05324516805576498,0.8204134688140806,0.17212649165885624,1.1059465150109806,2.6972830792538995,1.2779722207938957
1506,0.06704207645954766,0.051232775430293795,0.8738542236498141,0.18423749947822846,1.140963389916583,2.4440746540256497,1.3171436221077955
1507,0.06402631917837831,0.057476022765263084,0.9412307137045405,0.16342006269720585,1.0658486489213725,2.543686276746265,1.459088090391486
1508,0.06741925600222562,0.05022280505355162,0.8557785826359317,0.1954832119696588,1.1260154537334999,2.438892587736282,1.3744006131909083
1509,0.0628856724934938,0.06048280401955192,0.9656578389896153,0.1948581748240792,1.1148704694636364,2.57537748870126,1.4581318623073791
1510,0.06631663765061334,0.05687033350487438,0.8271258696274238,0.17603213506242582,1.0768475541492686,2.4289693924801306,1.4131404049255682
1511,0.06601743043876629,0.05554590928170268,0.8573831898095026,0.16664353962281223,1.0423513056176994,2.660065328833656,1.3091613185569841
1512,0.06453485578759455,0.05806830406428648,0.8855014303791328,0.1643974541717943,1.0227440795769323,2.8159684251581933,1.3888001935088743
1513,0.06535078212729167,0.056949512805377696,0.9083485357835156,0.17762038039396694,1.1368380883875264,2.461414692361416,1.2471179624631847
1514,0.06689608262448635,0.05419864514589103,0.8492907544214756,0.16696895978250997,1.0631881480661283,2.4376333527826444,1.2782304113003118
1515,0.06382590317469032,0.05837331208307276,0.962659528822649,0.17036161743777087,1.0165314929490066,2.448277035542511,1.3833497891650393
1516,0.06617945169332082,0.05400978766632189,0.9062318537878002,0.17064246161753766,1.1031394114749375,2.4231487926861215,1.2218229676262902
1517,0.06367908236412734,0.060499195059634296,0.9673604408192036,0.16501905056839453,1.074318042420617,2.4492720915496573,1.2248701119708862
1518,0.0659793161348984,0.05205189548445311,0.9381895577776129,0.16338967659836423,1.1028325642592507,2.4342366741223436,1.2631133446164131
1519,0.06615698043589675,0.051398895494404365,0.8661114826408443,0.1937026756969855,1.0296313396378518,2.82350089374664,1.4527517182806755
1520,0.06737591860451411,0.0510331519477104,0.8453542596735476,0.16332823734941015,1.2017529585119386,2.578809005789433,1.3018496432178992
1521,0.06463226236612402,0.05744680981080812,0.8862436614599858,0.17254804923669084,1.0665454576215094,2.7246988219491337,1.4563639987223047
1522,0.06738771019926493,0.050540904543389935,0.8488406780026797,0.16207088200011865,1.0267920494409173,2.6169363987377436,1.2967750331851544
1523,0.06647243784986394,0.054791464042042756,0.8455183415865419,0.1700963759895238,1.078922102526328,2.431180333294264,1.4179053379438948
1524,0.06800932965862386,0.04968947781436612,0.8328874961835298,0.19585779968217754,1.1276987899614128,2.542488217215798,1.2697753037376318
1525,0.06319535856645117,0.058906829422622646,0.9836800343353036,0.19519424559905985,1.1113202031508522,2.6631762750799135,1.3056060542384011
1526,0.06666754803448069,0.054971399915235565,0.8410490667018969,0.18595097537722477,1.1445892266023212,2.639478097224181,1.217774681289191
1527,0.06564412055401811,0.05659261350982585,0.8614369929545599,0.19568379130195485,1.1395727777771227,2.4593683241621678,1.4580617184819886
1528,0.06500214043081466,0.05147720421059029,0.974199327423207,0.18234459387818475,1.0977091436221706,2.539356914451508,1.3947359330924158
1529,0.0633256855181853,0.05836782765908102,0.9824200605792515,0.19286907026735642,0.9970103570471558,2.7111830987224956,1.281548017785006
1530,0.06592267104696233,0.05486919066677832,0.8877220170835197,0.1694804786282455,1.1215857018420055,2.5329960771140563,1.2929420348687166
1531,0.06591973690723682,0.05114109240009054,0.9001411791252045,0.17358043907796789,1.13554013473582,2.85428912796091,1.335611150194488
1532,0.06651006987704047,0.05424722716713311,0.853154449625174,0.18403357827429523,1.1604802336734454,2.5860480973942526,1.3000180858992911
1533,0.06603893166416938,0.056423549849427566,0.8575166266574695,0.16226647248914708,1.0958363285145178,2.5304227254816847,1.3060039657926432
1534,0.06522572799508981,0.05386976297417406,0.950561051185588,0.18609390671594703,1.0081905922660686,2.5679359145006084,1.2304943745930974
1535,0.06533897686138496,0.060104279593509655,0.8335496900857801,0.17339099302989155,1.0797391812258343,2.515818313431094,1.4148014534052176
1536,0.06515545263777456,0.057632915820991046,0.89693720809793,0.18493854053475378,1.2086882409115247,2.581607447349862,1.2558996663184347
1537,0.0677618127225598,0.05023105173992351,0.8431305447798213,0.16538794270056495,1.2059225956983042,2.4905384186007646,1.2920006389557068
1538,0.06420412102789051,0.05539552167312882,0.9275795860944381,0.18724231116503864,1.0211242268912568,2.8296739501082837,1.4718671697658787
1539,0.06367831765659875,0.05686064337259881,0.9709702297810605,0.1838570555933784,1.093044090304125,2.579971430894497,1.432783835775954
1540,0.06441045521062216,0.056663462977606945,0.9491721185290056,0.16923492328917925,1.1266725140318345,2.466234525643165,1.378115409081587
1541,0.0637568398384104,0.05906848440838257,0.9210405755000699,0.18890487316427082,1.1623283579207175,2.810200628220586,1.375429488047665
1542,0.06634036733457988,0.052384397314706545,0.8995386087492625,0.1915214401194438,1.047400357810846,2.510170697412334,1.284437522281234
1543,0.06412632896665915,0.059670935592923025,0.9041780329914124,0.19573972477438403,1.0459225500441267,2.6199344508133624,1.4075113250524205
1544,0.06605257616995956,0.05151142643936242,0.8734244802914888,0.18818796778424252,1.0723759275293652,2.8195565292383846,1.4403769503736918
1545,0.06404640689868149,0.0586445605517554,0.8990223209107162,0.17215942909209642,1.0008110486368431,2.854726451385541,1.4169646858117189
1546,0.06615541346622036,0.05368546323374532,0.8813341524925342,0.16477766773492317,1.0631132488544925,2.4588008512528967,1.395164608258302
1547,0.06638549612193986,0.05429695158647213,0.8199642977953651,0.17059344174195806,1.0707949620417854,2.832020604230771,1.4010270740265847
1548,0.06667055263524214,0.05172781956436025,0.8872257290037465,0.1631226306476184,1.2055671999190791,2.4037566352052293,1.3624061842109014
1549,0.06550129799351359,0.05277067618317304,0.9077971133833443,0.170934260326902,1.1558921337702248,2.601250640657992,1.469075374476237
1550,0.0640639575137629,0.05744141627908587,0.9690466666191717,0.19205426213482688,1.0496406099648017,2.5173044025508564,1.2834017141186487
1551,0.06527789843754858,0.05972671611497854,0.8367698753174335,0.16468073426295834,1.044178852749828,2.6027457884749565,1.3980379223856003
1552,0.06704606566838292,0.04980493704416218,0.8927376632875608,0.17693744109002355,1.0824288185894575,2.510510710995616,1.2810277233653795
1553,0.06680065297080014,0.05494940498748968,0.8545596350425734,0.1752969630707431,1.1317965391367728,2.3825039932589567,1.2493009424317334
1554,0.06446884330326307,0.058429374417272105,0.9336820282378777,0.18665911298483354,1.106613051577608,2.3718463764665563,1.356230233407445
1555,0.06372300652287716,0.05520161897559423,0.983308389251721,0.19323833395613874,1.1055021329018186,2.6207854956127083,1.4544415261724193
1556,0.06488156619193827,0.056147119081435624,0.9160252384529104,0.17055551121742213,1.016023761147779,2.4569549138698776,1.4566741250798168
1557,0.06621638748303887,0.051555479402969805,0.9223400115553715,0.18737875001002807,1.1365879844844278,2.5016443910595116,1.266236520805501
1558,0.0673214794756251,0.050484529575769106,0.8524259054144678,0.1838433042981562,1.0017233057478616,2.5432914252160153,1.347829922136842
1559,0.06729133139231444,0.052415971126712806,0.8129612671289922,0.17559788250174335,1.0500983893202496,2.737436243048837,1.316700483075912
1560,0.06601362547769207,0.057280184814933355,0.8678944843588612,0.1703129280246961,1.1754918978329945,2.4350110565674132,1.2339353620528395
1561,0.0656468462057826,0.05898350396609155,0.8361151127526387,0.1820134947272562,1.0410084542156341,2.6153681864062275,1.3123206496728637
1562,0.06625176589655382,0.052742732611000695,0.8439217016692525,0.18346578005658654,1.1343135821137202,2.8577703767872262,1.417357482338997
1563,0.06646643750636458,0.054098596524218986,0.821120375342047,0.1848080113037543,0.9900605543873433,2.6843180197757133,1.4719498876296297
1564,0.06484545473589864,0.058104418467094986,0.898790729001376,0.19181635900303443,1.130849766558371,2.3512267772796434,1.4703904442490776
1565,0.06703424222973821,0.05322132606120668,0.8252655509137615,0.1969298923357672,1.1035522665654312,2.4560777018185163,1.443368662747123
1566,0.06352791992046813,0.057821175447091575,0.9772543637985024,0.19634555006468227,1.1864514292968966,2.7485511549494666,1.2558314549425673
1567,0.06696941697770128,0.05128938845166022,0.8443369239521696,0.1948378656177932,1.0762177982406356,2.546638500514391,1.4599246840814701
1568,0.06616215458609127,0.049576046469528304,0.9321832588581205,0.1934050547625102,0.9923421237512325,2.3944095451783536,1.46751479274486
1569,0.0658714707923441,0.054164996650610836,0.8699877625642398,0.1835006831741649,1.0360072171683703,2.6275999511894197,1.4243726785291737
1570,0.06542577281584819,0.05669296136945708,0.8810825243913453,0.1756664568380825,1.0483079156581623,2.4199094253837266,1.4403326914905397
1571,0.06728372040911706,0.05450090138774098,0.8110454488631228,0.17198114694294492,1.2093346466762607,2.6019825754175634,1.2346252867484753
1572,0.06531730851476383,0.055895786651306255,0.8602399188302166,0.19053736357117723,1.1780884684547348,2.8545318117378784,1.4015138783408259
1573,0.06651221465917947,0.05271236559863995,0.8987924313380335,0.19473593204091552,1.143797373017805,2.4074199428489513,1.2577110676945005
1574,0.06340811249895013,0.060484351796853436,0.9639627264746646,0.18790185462605247,1.0865990732013042,2.444153919527873,1.3513430783204223
1575,0.06532414115086191,0.05918782236120511,0.8557198919468462,0.16621334348425804,1.0340198688986926,2.363238933937077,1.4598899140126425
1576,0.06399672784879812,0.05696688532323874,0.964353244314072,0.16944985220024486,1.0761906275269177,2.6471539652038087,1.301829341973991
1577,0.06486442266146605,0.051642209964420795,0.9690815972668682,0.174953285258462,1.0557967614569754,2.718439314324737,1.3541048349006701
1578,0.06374660867088597,0.059539153554949216,0.9325319066521327,0.1906139980232592,0.9963911257739867,2.535495336215683,1.4431974838213386
1579,0.0678524067141478,0.05000752495819856,0.8300921595116683,0.16637526969048388,1.199745738076692,2.6130845476541293,1.280228764533091
1580,0.0667230975737006,0.05383192366020286,0.819115069599843,0.1911666943862204,1.1173155634768304,2.8521638384182566,1.2976025663592463
1581,0.06727727907295333,0.05381333959475812,0.8139147582608987,0.17802951928150693,1.159533662228785,2.45864598716647,1.3700080888601385
1582,0.06453398948597772,0.05759216335338304,0.9275099626741032,0.18597592073632593,1.1303273272198902,2.4484748445380067,1.393810920390064
1583,0.06617645161411218,0.05758799247950713,0.8172392564494022,0.19319757357267597,1.0462281946618437,2.4264942050058034,1.4660120406215025
1584,0.0647398608472407,0.06003342115206607,0.8708277020099229,0.17511626664054009,1.0341300842161314,2.4849670258863434,1.4383486261414318
1585,0.06725464180901383,0.05265509083002537,0.8360199571226913,0.17727921442718533,1.1449039408876165,2.381194466532444,1.3903647402098103
1586,0.06598325313586602,0.05761808301287141,0.8589302704937641,0.17020373036481495,1.1186911465922937,2.4986889034743025,1.23284703707072
1587,0.06405594373021527,0.05751708700700356,0.9791892054923631,0.19464432154914593,1.1191103378685743,2.42299555065417,1.27483260826999
1588,0.06630844565039282,0.053927581302381,0.8663199134621903,0.17975314206009846,1.1708927747891906,2.685001325453709,1.2606595212412812
1589,0.06819634700803515,0.05157665455825968,0.8136387166121637,0.18970385008201107,1.0089104593958687,2.3502677968603334,1.279841782664432
1590,0.06473892489138272,0.055187830651229404,0.9458268648112925,0.16777415791342906,1.166071701556996,2.3582494169072588,1.4692628911840189
1591,0.06448792608060976,0.05455987701324366,0.9304470963028257,0.18926360834095837,1.0530542248856831,2.7361261764877574,1.4752385760087765
1592,0.06493634436000675,0.053976947557510674,0.9681848361293366,0.16839300908251278,1.0659756811108745,2.4905633664923217,1.274283048779701
1593,0.06439188149507546,0.05713548772448275,0.9447056765994366,0.16327051636584614,0.9980499492930496,2.5910421342304404,1.2957415250598814
1594,0.06576635139392212,0.05601738693783537,0.8381793316305548,0.18425768045154767,1.131203129766753,2.671971922281183,1.4743756702765394
1595,0.0650137464332658,0.0553630431097449,0.8912437372662271,0.16809277958789973,0.9923970759667889,2.693499524545758,1.480668479151634
1596,0.06515576016652894,0.05930472888547167,0.8378498094095029,0.1736294085717927,1.060975854831436,2.593268948907542,1.479638382094006
1597,0.06534901058675174,0.05697190003182505,0.9139922258427403,0.17948503214201422,1.1559157177420947,2.4303120979530224,1.2295729784916432
1598,0.06585044363901342,0.056135730399612206,0.8418973240196141,0.17603342951658585,1.1159331369270302,2.776964407384139,1.342686639657769
1599,0.06303194027126091,0.05830979529081217,0.9876110682243959,0.19665331844225767,1.0922780853245455,2.6627558792306645,1.3967404810191064
1600,0.06732778205102685,0.0506437482306901,0.8223538532824772,0.19777292470387176,1.133380365571616,2.785435466935216,1.3615513284928287
1601,0.06448731758367547,0.05993344498084467,0.9363416530709971,0.18854771010871677,1.0666924683776793,2.3502865854062445,1.2152770064269174
1602,0.0645816717662932,0.06010385065956233,0.8596185594690519,0.16478695939024038,1.1465706442591586,2.6839650124507037,1.4381460616250135
1603,0.0652768804418855,0.05551819891312403,0.8854683505644717,0.18603064426453172,1.0328564786540249,2.751108687071483,1.3600691720291738
1604,0.06430881794346821,0.055885115208743744,0.985724473298113,0.16265779989618484,1.1354241941903245,2.392467516894947,1.303270753589551
1605,0.06541756889931297,0.05672699664365663,0.8659873034185744,0.1969828976387441,1.0572591825140316,2.6564503330289804,1.380481131112758
1606,0.0648205244776215,0.05375336826244023,0.9495114146128381,0.17339857950341253,1.063056715351641,2.5896600140671726,1.3924460986912324
1607,0.06711542267511991,0.05471479223907426,0.8319095946240185,0.19701217712924848,1.1239808166401242,2.3737442714844654,1.2920089310343705
1608,0.06613782473445222,0.05200776471819138,0.8649546653026634,0.1640684335952844,1.0357306123961567,2.7266934017187254,1.4822150346419103
1609,0.06629581283246352,0.05613126822608826,0.8378277472799046,0.1976658070664023,1.015852152878502,2.6937349204868046,1.2457980541053908
1610,0.06359115089398379,0.05911619831555004,0.9625247280245842,0.16778775541757462,1.054309717575607,2.5574721728926515,1.340888763176493
1611,0.0648335067426191,0.05468698827698719,0.930488834957431,0.17856491105241198,1.0410531017706468,2.6918172495577286,1.360019428082682
1612,0.06307115424810436,0.05876947923675445,0.9602543702573542,0.17600306880393626,1.0791204496645364,2.830447073237681,1.411725681193167
1613,0.06528764442663829,0.05467099050412193,0.9064911802171645,0.1739616828733471,1.0793148796472918,2.609231631162938,1.3895421542073647
1614,0.06617947329414958,0.055034852988501914,0.8551780138377217,0.17569073570152322,1.1168599830634698,2.4154550286614414,1.4579138428801466
1615,0.06487010317384614,0.05176461840428953,0.9830105843264196,0.1722960998808606,1.0151728056108384,2.3960236744487675,1.4599334786438083
1616,0.06375717903244565,0.057586887675854924,0.9894690110623517,0.18586234001230983,1.1321643025611516,2.3452678130147286,1.3709834584026752
1617,0.06524514515982664,0.06021271978001616,0.8667548625589213,0.19290199126550178,1.1089051418251756,2.482403815546524,1.2495276067518746
1618,0.06398272670560394,0.05283032354522367,0.9888116032842937,0.16772292335825834,1.095268100249333,2.818262199293646,1.4058060163794504
1619,0.06504147080951414,0.05790135312640528,0.9082662445682871,0.18491278100351055,1.121369224753614,2.361681646177723,1.347005025211605
1620,0.06608978921343131,0.054275875782454214,0.8598614721497141,0.19354767263715092,0.9978093483043159,2.6981223689471827,1.347222659920857
1621,0.06563185240039274,0.05863009363315208,0.8426002958305345,0.1725505046387231,1.0915832999283004,2.6860205292866297,1.264226666448634
1622,0.0632505711335494,0.05815184727634142,0.9693615090459267,0.19735435576543248,1.0179117945351615,2.851191454250628,1.321376196363698
1623,0.0651669862165568,0.0579282588928675,0.8919950454116714,0.17448765216476256,1.2020991725170131,2.63038424030929,1.227864872937885
1624,0.06699359023517415,0.05079831562510579,0.8946050555980927,0.16235919024932607,1.209183362014696,2.484957569507585,1.220310782923704
1625,0.06656013417311374,0.05160043987587311,0.9055602504400004,0.1926205540628854,1.1653026194904055,2.4791287486273945,1.247629017185595
1626,0.0654013742803598,0.05890936941893368,0.8492165371751339,0.1860173595598169,1.068120957808494,2.7704007469410157,1.2312866805618745
1627,0.06484988089992218,0.05041511772086472,0.9687100364584038,0.1968407420907698,1.0039442650665926,2.7052935508740394,1.4742146520005708
1628,0.06431112230436377,0.057838461019715334,0.9442938128797345,0.18232204222953058,1.0402452309080776,2.637047944457263,1.2345842533690536
1629,0.06686218928247731,0.05534098931798,0.8182381456456919,0.18520356968050078,1.1957909813806376,2.457172359346729,1.369660915425218
1630,0.06314186009089143,0.05997277735148957,0.9756771621123529,0.18683467640408663,1.1245793651289318,2.449639439160808,1.421704714681182
1631,0.06679228624012418,0.05230519588118888,0.8592941510764253,0.17299404799000884,1.0025789256131912,2.412542457862867,1.436255684183131
1632,0.06551561774054204,0.051009322540983656,0.9565644474758219,0.18009805150003336,1.209327193247959,2.3903972961049096,1.4413475243704523
1633,0.06616139742666038,0.05590538109253123,0.8272982886291923,0.18924037625862972,1.1287631348741822,2.850977865688092,1.2838396968298
1634,0.06523298556112837,0.05791175246531491,0.8644451905317154,0.17984254262096872,1.2087735470034255,2.484368206220794,1.469590476521362
1635,0.06729774729297333,0.053473288671985315,0.8271296074299501,0.1689195987434241,1.0691993040504764,2.495430443779548,1.2879408797530318
1636,0.06373370031403669,0.055123227436100534,0.9712784862770891,0.16560017521667933,1.1655749502427235,2.7561066130356915,1.451724669990625
1637,0.06530420877061122,0.052012698130024654,0.9380294309002637,0.1662083495894198,1.0205191681562333,2.7968278223837943,1.2993599844099246
1638,0.06599378368660985,0.051275917363717116,0.9235472390988371,0.17462976584964088,1.0089889603894917,2.4764203070645134,1.3897400672184081
1639,0.06472254765514524,0.055284490317514645,0.9174500240063522,0.1744361376289278,1.0357226728809954,2.71983480586055,1.4163848659392437
1640,0.06412569166240453,0.059486231065062734,0.8858381023271842,0.17260181395656993,1.1646521129133514,2.80676244883661,1.4237000373401267
1641,0.0647249563105475,0.05245708420909604,0.9389777489675228,0.17319126710396887,1.1667116302572897,2.8189052134573536,1.4621107521312489
1642,0.06665564646915517,0.05301445639782428,0.8218384126440661,0.1970735332062946,1.1602599118067969,2.8479918815862493,1.378890994352361
1643,0.0634792929914377,0.05854680271514596,0.930568923518363,0.17723398159467055,1.024177248556029,2.7950858604228936,1.4833181499515002
1644,0.06495253558817948,0.05847481086604979,0.9040204345009654,0.19637933123538173,1.0816992192540178,2.4791191679555893,1.2815373559721184
1645,0.06589433437443942,0.056576110692645155,0.8450299169489188,0.1947243220323066,1.133252268739931,2.449858184587908,1.4722621024135507
1646,0.06598323305932188,0.0497677129781442,0.9762809797051719,0.1965701622975923,1.1136270118283005,2.369062423830331,1.2562164212554974
1647,0.0663240871889243,0.0563314477794911,0.8359103917866048,0.1710130450102953,1.0292754035136726,2.62802188504705,1.276666955940638
1648,0.06498404933382451,0.05165789228867872,0.979145088299702,0.18229649126328965,1.0620546747237165,2.4151357126842155,1.4346095281427522
1649,0.06704059684719477,0.05378867860099055,0.8287984468006627,0.16715999108476753,1.035752228209073,2.672067367695061,1.2380634471558627
1650,0.06590490664459603,0.05727417549192482,0.856802078858647,0.16390989784549737,1.155820460487675,2.5860071371901383,1.2516666374135672
1651,0.06602332905487533,0.05734155207639872,0.8242567141807801,0.17226275392758636,1.0421205979083725,2.53456156456197,1.437866049436533
1652,0.06755772349653039,0.052492282638835645,0.8146562026440434,0.19759725143552534,1.0896157827962136,2.6109495296732304,1.271441109700446
1653,0.06692997867702677,0.05156560394799253,0.8321597842028061,0.17080769720071853,1.0701768925320174,2.720582383451044,1.4220077747349487
1654,0.0658840517872019,0.0552530703903894,0.843722159487628,0.19725337189575481,1.0336075243669487,2.6854680560560897,1.4505503273958644
1655,0.06409715071947979,0.052818310769874505,0.9746810834673685,0.18208493016507435,1.1522990476009676,2.7769724784811327,1.4741351489516785
1656,0.06623552124723675,0.05658128356926312,0.8330506700244409,0.1764751834831217,1.0116292609848203,2.6173959532261244,1.3131689787971064
1657,0.066988799755922,0.049651275046015325,0.8623535971268355,0.17570301170451547,1.1277714217010608,2.654989802032944,1.4157732518498243
1658,0.06711804359711127,0.05208107545136717,0.8318961640055079,0.19461282001875707,1.0162973986356698,2.7168245144808907,1.303549701909368
1659,0.06582084988777315,0.04962189298655086,0.9542385148192831,0.18797631563791317,1.0297647206717775,2.6074638246179256,1.321160561308087
1660,0.06454926640353784,0.05185747090452003,0.9557399563413769,0.19646223147116992,1.0314998230390877,2.8328353543973934,1.465243070042329
1661,0.06376556412990231,0.0568028721799204,0.9355099361160245,0.1632334215802344,1.027589343033601,2.8560074547030707,1.4575256557997263
1662,0.06608019272050299,0.05090774490048449,0.906542761003723,0.19796317304825822,1.0277036284414454,2.5256372560898863,1.4595234966536366
1663,0.0664689245606191,0.05667997240369508,0.821334658163563,0.18314648147906742,1.0465492224860142,2.6974394167662528,1.2348932005535396
1664,0.06439265342523408,0.05815694226703019,0.9311267476936944,0.18136251724116353,1.1805288965074723,2.3842080944185597,1.4177850472949136
1665,0.06345561804447342,0.05760768603681496,0.9780896435406944,0.1864363611827824,1.0122851039818308,2.571663248277026,1.415012384475255
1666,0.06616750022262646,0.04959634583071609,0.9300886739289087,0.19402894540441018,1.0491786765020115,2.411573291003124,1.465031766460715
1667,0.06269007095083802,0.060125699678744024,0.9701959574401757,0.180377716497685,1.0797806423584508,2.6821617102955932,1.4720720611538658
1668,0.06583640669029432,0.059140584902707294,0.8200431933627285,0.1904701232194894,1.11213174249248,2.6060228074410854,1.3295590827039938
1669,0.06568649908756123,0.05657615289629014,0.8456664962841068,0.18097164686977543,1.142274343255169,2.6320061261202374,1.4351940998338333
1670,0.06485737589007343,0.049764212678481794,0.9875549201209723,0.19003808245199674,1.0062712417988915,2.8447123707229096,1.3214630247364596
1671,0.06644418934514251,0.05397806918648879,0.8518018934785537,0.1887749269517557,1.0547901051309863,2.7950957838269956,1.224759755976465
1672,0.06523436942983815,0.04963916261628161,0.9743769166553967,0.16380435393613937,1.0097111337347715,2.531824700051533,1.473609460223655
1673,0.06513932042162729,0.05753688892273183,0.8759062880948056,0.18610282060463326,1.083175193682535,2.7564276914767154,1.2931537667919077
1674,0.06324407938428217,0.059463298059547226,0.9799029122043766,0.1666867941618277,1.0877230690431938,2.6117661336695757,1.3008840039259373
1675,0.06399199869801526,0.05355410067785625,0.9898411566386939,0.16751887961088527,1.0410622335870108,2.7300228619157494,1.3893626305828874
1676,0.0650466805835184,0.051871945569146226,0.9575645197901556,0.1753260669461599,1.0759081474994607,2.645808941807158,1.3817666040532652
1677,0.06373791922146996,0.05463949218718234,0.9755883232486058,0.16923817762163829,1.1611498361748511,2.730168239369009,1.4810451025570877
1678,0.0648745257925155,0.05837912885039022,0.9016126026013076,0.1960426757208819,1.0359764078615645,2.3769159563142863,1.4013303596704592
1679,0.06536008102558558,0.05152375658289252,0.9693357858007576,0.19717464640228702,1.07553088552016,2.477991669084607,1.3188856860442042
1680,0.06558114006326024,0.0541902795322064,0.9113709806135277,0.16295204241829925,1.1336864999545733,2.521630353693846,1.3440241514567426
1681,0.06445586608430123,0.05770679984492179,0.9299784350072448,0.17580573658441484,1.0187951691035602,2.3918005440004833,1.4381271262465265
1682,0.06524078512973647,0.055363752064667884,0.9008607073177597,0.17457806659292993,1.0638763339860047,2.484981842501351,1.462059570350224
1683,0.06425683091268064,0.05761245165009117,0.9647150168650511,0.1657159708284853,1.1818055365209477,2.415307277358912,1.2893252558548942
1684,0.06393869167792116,0.058131690316178694,0.9808942574781927,0.17072257810716068,1.1526741696578864,2.4814543963104763,1.2227570569528226
1685,0.06441806870589249,0.05516858642887543,0.9234028639377394,0.170095193260695,1.0274410539381138,2.835960513676909,1.4344815082816234
1686,0.06424907561923841,0.05949248991283049,0.9473414376553446,0.16467079157371828,1.14218360663777,2.3456271120384473,1.2830038139870021
1687,0.06507096943578271,0.059745837078904636,0.837203376743383,0.19409514461447142,1.1406248402690138,2.6535105003471235,1.4343199934570374
1688,0.06778222382114538,0.04968585978128668,0.8237436907668363,0.19097446838354737,1.017680613400697,2.7682983755387145,1.2740466689098702
1689,0.06374506339617061,0.06001189827971396,0.9440263256993546,0.1817222370920546,1.1130112248048678,2.68356747417189,1.2355310897415641
1690,0.0649005534124519,0.0531740417942998,0.9379577118232153,0.18338367707882305,0.9901436796655598,2.667182386467717,1.4346131748138686
1691,0.06518519168399836,0.05725219932690566,0.8842338150626797,0.1916644167615302,1.1692623497742622,2.567817769530485,1.365729169154916
1692,0.06765043056915376,0.05179026241031029,0.8297848127679018,0.17574103401505883,1.1055583022141944,2.4504422175265868,1.3080976429646998
1693,0.06420315891662713,0.05620334382604751,0.9674612018509898,0.18531739026984312,0.9996146722675169,2.599207878773848,1.297241618431122
1694,0.06340152418767041,0.05482135676628351,0.9875487032310064,0.19381680057241235,1.1853960094322953,2.78258927409549,1.4812645302487644
1695,0.06750353019316097,0.051204625560036694,0.8391575951345492,0.17306332946608233,1.1904098911288,2.552127228931718,1.2916069614001149
1696,0.06550316091101577,0.05532776134789841,0.9114344818905905,0.19155136177083193,1.0207902754787845,2.465822292188579,1.306207439177289
1697,0.06438657681270502,0.05583350979385935,0.9564331811651607,0.16959670821673573,1.1065460647205578,2.7064228800323087,1.2612251641951526
1698,0.06461017401221235,0.060238058545217354,0.8534615231314882,0.18423654344945073,1.04089372497077,2.64247941193325,1.4782526328838625
1699,0.06489139789659261,0.05052150049606808,0.9621447123262773,0.18129680447875793,1.157454254947833,2.732003882750639,1.474134963761373
1700,0.06384598184987236,0.05777173606249825,0.9594818828259962,0.17192500414534542,1.0183356438030722,2.4456080240666433,1.4495306218590414
1701,0.06505052338254222,0.05080447285108758,0.953329872039894,0.16209511011177055,1.0219849194117043,2.845621102306404,1.3768055011093816
1702,0.0655357521670136,0.05917918602358883,0.8344039754927361,0.19761213045829304,1.1810474228743109,2.4861873551235103,1.4266112247177727
1703,0.06683072214877173,0.05192890986764,0.8292682976610389,0.17259332552122106,1.1198704741633951,2.7802394561885615,1.4079933970521317
1704,0.06712722272364866,0.05136552392141845,0.8414469405076405,0.18672881162089747,1.1109308007684853,2.4627056543230395,1.4649701340100407
1705,0.06616928524701832,0.05351012795989961,0.921899697770774,0.17682365586760124,1.1526911062498055,2.3424512082905227,1.2203847868035436
1706,0.06319015965499564,0.0589028037425316,0.9418880638933882,0.18530357728941532,1.1676324109142253,2.8180971005502498,1.4744240672931606
1707,0.06342954465563855,0.05761496332852241,0.9828316449883624,0.1853817527552359,1.1247499587938907,2.6342942796718334,1.353160765604878
1708,0.0651068496484208,0.05388276354578624,0.903403652411556,0.18906001787593962,1.0146362500639678,2.749861317551293,1.4565155376184267
1709,0.06497104267806378,0.0551875998209121,0.9183813001258473,0.17857713634558672,1.19620401355489,2.8415705555573605,1.2413283926684675
1710,0.0648908378654154,0.06004605731846226,0.8955204276743621,0.18863716168372915,1.206971909455492,2.4421091863696103,1.245449950196289
1711,0.06780073986674265,0.05086888537398299,0.8317818753456045,0.19461889671845473,1.16512252979553,2.3582927323160816,1.372303131801808
1712,0.06449668151593388,0.058762964489377074,0.9155857668351982,0.18193867184865659,1.1304021883362703,2.6722573331438717,1.2391736180950201
1713,0.06693026586218676,0.05278934170863639,0.8677328970260642,0.17550085456795297,1.037056488507548,2.399690324450743,1.2946303682764968
1714,0.06542542384470387,0.05142139145108856,0.9308347027430114,0.18342612145437207,1.003318551227397,2.7464109969017345,1.3780569787024826
1715,0.06634003328956958,0.0576137685462607,0.8479801085297795,0.16636213827957083,1.0160147819077716,2.3577985723830968,1.255783471715624
1716,0.06509097365097982,0.05431133057065948,0.9568581051566079,0.1953454517063032,1.0728180768140105,2.397466662177834,1.3107159894055858
1717,0.06560329455140596,0.05541129943648958,0.8641144291298652,0.1644240774783238,1.1502117044424243,2.632088531171236,1.4561345205606528
1718,0.0658677986095445,0.049776048269703686,0.9670811692607916,0.17977515747045228,1.1463886382357384,2.4017900275140582,1.3398193150482447
1719,0.06609851793559979,0.05027215220656471,0.9499443166905556,0.18771861259797457,1.1748373907731606,2.5227843537054655,1.2359790828802617
1720,0.06468459222885622,0.05138618396438294,0.9881466380929583,0.1916921610573021,1.0929210716213245,2.4757964557415666,1.4771594258299514
1721,0.06267838181502183,0.05830365996383041,0.9899951354773973,0.16733890315391897,0.9965344441469387,2.8035401833090883,1.4375795965059883
1722,0.06665034609938264,0.052626299454220905,0.858524323622572,0.18606394956414718,1.0601758178372007,2.5854538965630396,1.354603630586097
1723,0.06465095811283303,0.052133796778375686,0.9560467801345582,0.18408389485163087,1.1736195248097272,2.746011327110047,1.4553682470215263
1724,0.0645561490793402,0.05817171209082325,0.9188264191985785,0.1690370710131049,1.0875070665114335,2.4680143385440814,1.3807051075105028
1725,0.06550880935858172,0.05932384453778858,0.8233367892501472,0.17625126043009376,1.026229106671682,2.77859454690315,1.3142043452466117
1726,0.06427138993602384,0.056900841016812045,0.9473921169940208,0.18314838963690938,1.0801046150238718,2.392855654019005,1.4674503681684894
1727,0.06512119090328647,0.05849034674940336,0.880334819799097,0.17127254905337697,1.1068063900661211,2.499992261811049,1.3552276297513064
1728,0.0665368912559236,0.050008046378527155,0.8878696668384553,0.1895923908361494,1.202587279268099,2.801005076349602,1.301503398936152
1729,0.0642726649764844,0.05740009648289874,0.9614454711007958,0.16260890612810638,1.1635713793871494,2.4365260331325875,1.3095969216031134
1730,0.0661784233782764,0.05783069597350896,0.821034593320419,0.18422622323535814,1.073656341888697,2.426724894050348,1.421234312802475
1731,0.06602804968530454,0.050129276838717915,0.8932095361490661,0.1671421337808973,1.1830717962633508,2.7996392493121207,1.4613999291163786
1732,0.06601999672142184,0.05439162162060856,0.8771696924939871,0.17555208529971786,1.087069626075867,2.5249602542694243,1.3678020679534109
1733,0.06618353569664216,0.05155640924107603,0.9281552931120026,0.18702791550224343,1.1934135100406742,2.485250449953799,1.2520402460726605
1734,0.0637073007370284,0.05634205441316107,0.9599024869112485,0.18014780226325905,1.0311094123084739,2.8325281250314576,1.3773587785270003
1735,0.0646848598151699,0.05546913356455898,0.9644214151527959,0.1837019867842084,1.0729017783157342,2.3850163273110447,1.3296558222812869
1736,0.063611202507182,0.05912107510729714,0.9700404499595507,0.18870697839864875,1.0601258986508895,2.4322377392109025,1.3610462874305693
1737,0.065714905544553,0.05434186983144735,0.9071206529352186,0.18283190821795564,1.0599084287993388,2.6489957309671137,1.221561293151686
1738,0.06571893312198226,0.058189441913255584,0.8339401358691751,0.1877143418587191,1.188178000399743,2.762909883265581,1.2697951925204793
1739,0.06594544719508891,0.05621248922475937,0.8515659282621689,0.18739490499464165,1.1266294704780726,2.4782172096150283,1.4262772924569842
1740,0.06469920013562064,0.05193826827698017,0.9753035892006023,0.18808786171261493,1.1029844038500871,2.595379152432687,1.4284260262704433
1741,0.0643054914547551,0.05698786739496659,0.9742476216364575,0.1941161731125977,0.9970091602325531,2.400981355299901,1.2712147521765895
1742,0.0647356673252748,0.05856727706657864,0.8680942361797784,0.17141451329137702,1.1477780636981594,2.7810890248479914,1.3958021982947473
1743,0.06557594272333238,0.05543427710217784,0.9165037869000985,0.18696748726017737,1.1969844753881538,2.466795777672443,1.2346291691544988
1744,0.06427648625406802,0.06000363002756448,0.8954871774750043,0.18850636155860898,1.1832153620129275,2.491124859778088,1.4567817415496231
1745,0.0655106021314612,0.057222884565676584,0.8845016207620398,0.17304367179748947,1.199194103809695,2.398611070515638,1.3516318919173678
1746,0.06625256412821352,0.05435548236528438,0.849157492872592,0.19572240601249016,1.1159044328453354,2.7944720584274423,1.28081466894578
1747,0.06661848371537979,0.05329400735922866,0.8220243889128878,0.16345428532771666,1.1461770582098452,2.6806904322458838,1.481942547786653
1748,0.06563270940264664,0.049518157961426224,0.9212185311428593,0.1757920260281671,1.0397952935701729,2.854248365277283,1.4571009772970331
1749,0.06372511630806459,0.0549647742633451,0.973435861868146,0.1850390738760618,1.036377616343396,2.7357046287144424,1.4661518420808726
1750,0.06738694646067211,0.05171847322893768,0.8365289180760404,0.18858527306958336,1.0818126861931376,2.491223384841855,1.3459702394484336
1751,0.06497944627629489,0.0515190367340237,0.9767649714930712,0.16485767469865975,1.0108843950634265,2.647910583175024,1.3192609458667859
1752,0.06530831255225673,0.05426251822531144,0.9253109979743269,0.17925404209446444,1.1412368656276706,2.499809336657351,1.3663021007405491
1753,0.06592263489422423,0.055883917984160064,0.8742076038036687,0.17580606083182998,0.9953637794926341,2.4519212735731357,1.3417952616072941
1754,0.0651453813309108,0.05162638679582343,0.9623905313298127,0.18441249133415685,1.0176013331233966,2.4210199213196706,1.4767701591588422
1755,0.06580698255664447,0.049564325837616253,0.9344780694784736,0.19470259245625393,1.2019382688565456,2.7150940264779573,1.3836086896542812
1756,0.06528513143034846,0.0586155742192081,0.8307236671961585,0.19528563350166128,1.0712024498155324,2.715301722953947,1.4521884683588402
1757,0.06424397347066099,0.06030949150658081,0.8972989587767721,0.1843899541986858,1.116836717801802,2.6122233346611554,1.3556010996183008
1758,0.06615368762249635,0.057961708183845474,0.8554351767803787,0.1833814145229172,1.1819872176210582,2.372755478081677,1.2359041832022302
1759,0.06278747988523387,0.06023158841026195,0.9639841211868627,0.1945864017454944,1.1744046862639423,2.7503713492668074,1.4161415240523172
1760,0.06489908892190727,0.055741572120829565,0.9280871317915234,0.1925090092663577,1.1516460545672673,2.416179334202163,1.4292153167313253
1761,0.06450236484254417,0.05593953598694633,0.9189782509384057,0.17077775373879642,1.1037653856154808,2.7185886338078142,1.4355798931809456
1762,0.06670188635088706,0.05089638493662095,0.8848199928805062,0.17195075411218988,1.0304609784611198,2.4440402556407963,1.4130055404561048
1763,0.06469300958120604,0.0574228794320557,0.9154978385073083,0.16622573106503347,1.087052138389239,2.397613343004982,1.459393411399324
1764,0.06746510290136166,0.051149851051524135,0.817706721469889,0.16719487329474758,1.1111154339683231,2.7034035269317536,1.3523940247566741
1765,0.06412721275584096,0.055241225667294516,0.9637219453751347,0.17797655632864878,1.17509814370882,2.8168038088993654,1.2945103582261248
1766,0.06673583544051737,0.05322593008946513,0.839503493216551,0.18428711122962277,1.0909642300893923,2.5923748816737002,1.384611888711945
1767,0.06631308753731088,0.05180681897623603,0.9039899417824077,0.17007156671443033,1.0169696580807295,2.4455099751147067,1.363142173643702
1768,0.0654907858700976,0.055732556358337834,0.855921406167024,0.1877365507395682,1.0806814163010694,2.7160669802996944,1.4662170408836035
1769,0.0677112791277914,0.05097403293572996,0.8344512904390627,0.18973086642668366,1.100743860564776,2.584336906222163,1.2381162391673686
1770,0.0631141449126723,0.058960434760549185,0.9877685709155505,0.17191134722118417,1.0128452285348146,2.547111989376922,1.386873994826681
1771,0.06402440642691401,0.054780004108517605,0.9871338929953767,0.16972176451971793,1.0488865973630557,2.748801908480404,1.274075778432648
1772,0.06535821512566128,0.05974623742568104,0.8517822747765277,0.16327694299971207,1.1183726915222527,2.3479398047892346,1.4319137544420697
1773,0.06325559876869528,0.0601669230149931,0.9532213456945752,0.18941006527270557,1.1906936550819385,2.627526363651817,1.387121325407963
1774,0.0664811156365685,0.04978740706061493,0.8922694192202585,0.1688805266057523,1.196741415208328,2.6384804875390566,1.423022720433843
1775,0.0651429903865577,0.05584931370730351,0.9101956221829341,0.1632571273748175,1.0727384095929333,2.674897920366864,1.2797734927123994
1776,0.06502108454975006,0.059468343927153014,0.8452869223475039,0.1923169851219823,1.1239424880001265,2.743963794846914,1.3696615562853536
1777,0.06493741002643275,0.05369278481555365,0.9799188923168526,0.18992788239583835,1.0436722310433186,2.4170101215606223,1.2678789934826973
1778,0.06458021721919166,0.05466141063908693,0.9691239271801162,0.19059087015544307,1.0316987239829118,2.394785912593604,1.4041545204417734
1779,0.06663240677891515,0.0507631770466154,0.8957936896825744,0.16317341427031457,1.1849900577705763,2.63010184051499,1.263377524924558
1780,0.06599599640394366,0.05331304975832191,0.9026990997765689,0.17576091950625103,1.0501163076005167,2.4981173092009143,1.3278588160557745
1781,0.06728779117528969,0.04957247701829507,0.8861889858490878,0.17635041077293168,1.0088994096397084,2.3857801832064864,1.329641795993125
1782,0.06518474107374236,0.05372129076296087,0.9123160738737037,0.17563835757907167,1.1645401402404056,2.7882793381742967,1.3600395139995949
1783,0.06581210788458072,0.0514466862794455,0.9201604614679217,0.1961769558651083,1.005447983623251,2.8219053894499657,1.2419941367582417
1784,0.06584907799516238,0.05378337742435409,0.9240782440249007,0.1937058326111683,1.1441291684371395,2.3795904561002983,1.2801904984485943
1785,0.06791768948777548,0.05202918336838254,0.8118213897300869,0.1883403771561309,1.1679613324626785,2.3806781171507634,1.3382314085495477
1786,0.06396111494529605,0.05839437785026094,0.9480524110309916,0.16452305329044653,1.1920655580374968,2.3557776088128843,1.4788767549501545
1787,0.06430352150125246,0.06025329037346006,0.9015617845459668,0.18359161511587876,1.193893560849488,2.562920248059429,1.3410183169690857
1788,0.0655590563713662,0.0566654529762774,0.8885167159460532,0.18509218315434067,1.1416941425033225,2.4477924268577222,1.3232790579889842
1789,0.06529645779836712,0.04980559127936708,0.9866688231215951,0.19234066917757517,1.1525898299540227,2.6264261358702528,1.2891111635727466
1790,0.0648409422760445,0.05354337581593817,0.980701083742027,0.16740706198353594,1.0600591319649781,2.4550376588337444,1.293157885075608
1791,0.062279550486815036,0.06035058002681719,0.9842921632624722,0.1620355623452864,1.0117426720233158,2.7965614192830124,1.4549398152883215
1792,0.06678606736178422,0.05451258422848732,0.8564343814230575,0.18685962162757108,1.086143917392296,2.3686611328145495,1.2884991027352857
1793,0.06505775760277752,0.0528268030123182,0.9830952074598363,0.1966772640686642,1.1930201954441075,2.49734414698943,1.2220176056451595
1794,0.06596559148625879,0.05092962338959873,0.9218388013159964,0.1935775261676529,1.0219046168921286,2.7125549130631397,1.2870575873517176
1795,0.06531420010721362,0.05408000581179151,0.8940945783292188,0.18954400503002788,1.1787162381036969,2.7893659541123745,1.389565526312834
1796,0.06438640774915094,0.053492333427711605,0.9548162373550529,0.19731909725527788,1.0625355509679324,2.7511071335828734,1.4427102535977883
1797,0.064907029446,0.055406560449260026,0.9362025968502938,0.19004891284829362,1.0968315107655355,2.472140258597267,1.3696330545293036
1798,0.06737438578392549,0.05082036492731655,0.8616026257835375,0.1745530133838865,1.0038533572032138,2.3862085122802505,1.3421244998665902
1799,0.06485900335182,0.05467256558789473,0.9469435694402197,0.17489142761180798,1.1928730918867507,2.732382891258253,1.220147446255743
1800,0.06436458522526815,0.055505795504916466,0.9879391306293323,0.18754811295440924,1.0671044404615484,2.4641429438501663,1.251331522978241
1801,0.06668854245978022,0.049549707279663416,0.8834600603269122,0.17404115941577275,1.1990063656719734,2.671533016671103,1.3966134091633882
1802,0.06605211062903285,0.05166428107997614,0.8931008075114073,0.19552967720728523,1.0524321074187324,2.7469135429623597,1.347832698637872
1803,0.06481034637385341,0.05111241108393182,0.9723196676235699,0.16531715507430864,1.1117630663826328,2.6754089174669584,1.4297417683500955
1804,0.06425503045345088,0.05861770550060563,0.9021985883543433,0.17952625683102735,1.0420294209762004,2.8367952034181725,1.3271590630541037
1805,0.0658570718523404,0.049747549504640436,0.9597975323993184,0.18591157847772877,1.0803055436856441,2.675558253629353,1.217305559484786
1806,0.06741243709746422,0.05342726804960554,0.8114309538391085,0.1818875727388944,1.097824842926347,2.626994346514494,1.2594744950705496
1807,0.06612954476172914,0.05439131732079378,0.8414511568521916,0.17285965467755998,1.16795707976592,2.8166352610235297,1.3642309585577124
1808,0.06602986119904469,0.05562540797668206,0.8532181545782921,0.1737866345118859,1.013409850753268,2.7088674887626447,1.2915416117821905
1809,0.06592598683761866,0.05871910272008725,0.8117732556385202,0.17535309967873278,1.0562419608248954,2.6170213448614743,1.3806404005664055
1810,0.06415647042152059,0.05301850258806113,0.988448112722504,0.19294630435017493,1.0573523310405668,2.778026878656506,1.3448408778312906
1811,0.06510520613918164,0.05463323777485306,0.914124055448664,0.18070830745260194,1.18573490260985,2.500667070990695,1.482000708994589
1812,0.06454776263273329,0.05926833846229522,0.9037721478689063,0.1741121045587272,1.0588149215917124,2.579575836472025,1.31145891387928
1813,0.06530307315110621,0.060498747929456635,0.8514190688656056,0.16494326529601672,1.1753118535673637,2.3844917216735078,1.365598055276944
1814,0.06635225651020826,0.05472824863498773,0.8201721818458283,0.17213045208210698,1.1419071014591202,2.7403162456930694,1.4318927133396162
1815,0.06764965452974922,0.0496619632342355,0.8288502982427491,0.1907173052900065,1.0428363297810936,2.5994986031918805,1.4030964127890861
1816,0.0654109023795332,0.050123204190651145,0.9591542625011553,0.19473807218537928,1.0298607554483692,2.7796623128630613,1.2941773471657951
1817,0.06648280364873448,0.05277195245510353,0.8896825549020799,0.17175485611894425,1.1398767046491785,2.5625852811179435,1.2267222064382883
1818,0.0646697774540761,0.05919228473438985,0.913479937086658,0.1707773613544625,1.078689277213531,2.5498256802394175,1.228931826576291
1819,0.0634333411673276,0.05931407570874371,0.9630879343524843,0.1902301931225707,1.099439371504462,2.518280577311658,1.4013071313529912
1820,0.06552615222588716,0.0560062042916542,0.8643501341974746,0.17760897793818226,1.2014106256614077,2.648121308683164,1.4188783768039182
1821,0.06767159428561947,0.05208357103502732,0.8417179705797319,0.17190894052445943,1.0020415875589563,2.3564973835034935,1.2612485209653743
1822,0.06389454821720797,0.060135544957468486,0.9327443587774288,0.1626367621325098,1.139474399441737,2.4433493588641624,1.394436028213839
1823,0.06668496759901789,0.050184620002186056,0.8749044598911742,0.19747245437907482,1.1937299091298104,2.6068150514211395,1.4331636116798248
1824,0.06607881606878302,0.052526341426867566,0.899150919771154,0.1923829029100684,1.011586697511313,2.75288854803037,1.221409196539753
1825,0.06626405995749629,0.05694827077028461,0.8234068272231829,0.16787323349742025,1.1088120519446625,2.6689419963107373,1.2983282276011519
1826,0.06680794516179704,0.049544795044110204,0.8839529030262806,0.1642873530229491,1.0844488607785272,2.6601400977890988,1.3585347597813886
1827,0.06418045516875863,0.05590864143810827,0.987657200289875,0.19139057963291875,1.05050874393836,2.4747177512367946,1.282049212819114
1828,0.06499370490864659,0.053337937605752235,0.9614658286560783,0.1642249240960748,0.9949157501113505,2.674426182166158,1.234926351045258
1829,0.06354993171583323,0.058921909405218326,0.9687752227270559,0.1701937618353858,1.0084253738607056,2.654686728991656,1.2727035817299148
1830,0.06759703432529468,0.05037377649933516,0.8242544135968848,0.19581387879064668,1.0576156341198968,2.746483090039508,1.2948715735674081
1831,0.06484245383747736,0.053052212711318644,0.9586132506365921,0.18756397169998354,1.194629118026589,2.4425286462198446,1.4771385291481645
1832,0.06778596729817438,0.050516336801761194,0.811534220907903,0.17083182311536801,1.129144173339659,2.7908211835643395,1.2652704203628844
1833,0.06520699599275928,0.055279346387491914,0.8943532010508793,0.16208141075777285,1.0095815261145162,2.6705344468689356,1.4087368093329606
1834,0.06519186753561848,0.055083579814498164,0.9284016496020672,0.16838795313555482,1.183307631709438,2.479458330913809,1.3348019203649477
1835,0.06465229249090504,0.05456120246074275,0.9514777777816357,0.1792163431603529,1.1264785140658446,2.7207786995997174,1.289015020608675
1836,0.06681160972558076,0.05287915815014946,0.8533806153937818,0.16466387775393856,1.172965540770845,2.65642247050707,1.2598541625534583
1837,0.06566819726853204,0.059610461246395526,0.8345256248112369,0.19161275846975903,1.1932854855007053,2.3933411922229437,1.3971526247382025
1838,0.06492269296164602,0.05599481845949876,0.9244965697312189,0.18044081141379,1.1053008963175568,2.4900048402726913,1.3763438183511543
1839,0.06678691656705801,0.05307650297586799,0.8434298702579752,0.17871436562458629,1.1796248802273654,2.481292965251813,1.423798192632378
1840,0.06509718377494798,0.059403690685381594,0.8528897374948488,0.18657738126296652,1.0353142814428764,2.652624490405982,1.3585804015158884
1841,0.06589190902064443,0.055330726630156354,0.8738091918378033,0.1861853068481859,0.9983243943595823,2.579025240003542,1.321407204587516
1842,0.06653528701385944,0.05030071219572528,0.9040256551320718,0.19555770420190174,1.1655088261430482,2.4555233972564006,1.3949261414712777
1843,0.06723337577553923,0.05102069311841379,0.8613675304849978,0.1916422071643187,1.091419456100072,2.4477229944717935,1.3371133410172351
1844,0.06552393521116107,0.05993043274387513,0.8474599757111635,0.19147046065413606,1.165239954920592,2.4786476806246704,1.2895081785126565
1845,0.06401485889875412,0.05981467470172622,0.9172593311087964,0.19625594663295018,1.1511538568278936,2.553020330501995,1.3968139311886958
1846,0.06716444970220076,0.050265088403116276,0.8160292748032224,0.1764719460229125,1.0609148331626805,2.833973393420293,1.4732669799822418
1847,0.06567572499402229,0.04963121480079357,0.9186967502205513,0.171622188374891,1.0570142166201804,2.853287447602758,1.4476882199453918
1848,0.06382874261141361,0.05744204313839647,0.9808772759751716,0.1775919268579518,0.9944750178773561,2.6311607106334196,1.231073835823472
1849,0.06533029991115288,0.05644634413796385,0.920946503100425,0.17662958474587645,1.113338572987967,2.442302101376844,1.2323236230799852
1850,0.06334564018692698,0.05868582808147925,0.9678571232434744,0.17135992736074593,1.1593948471078164,2.718156302767758,1.335565603442342
1851,0.06744581708894823,0.050482765989338076,0.8569669822405009,0.1881733824437502,1.0452187118876186,2.380055398696475,1.3739750908433
1852,0.06449495573030999,0.059081210196428244,0.8687116875191128,0.1895651536847548,1.1058021088764836,2.744287290381036,1.4608825864680335
1853,0.06514073540484361,0.05123836957763616,0.9880801573646797,0.1944474991701847,1.0786340736405102,2.5814018066074147,1.2451755639708522
1854,0.06622190101022188,0.050838412697315434,0.8798372191671613,0.16519862783466188,1.1152938714992855,2.784934163145172,1.4191126457610748
1855,0.06453260715596489,0.05672985413056227,0.91745856716461,0.1922285607729138,1.1151302054225423,2.5890761600009387,1.4423271224672989
1856,0.06691207623472281,0.055141600948941626,0.8477675090653007,0.16714814952357174,1.0761432373249926,2.3988975451890258,1.2239577543969173
1857,0.06524945554337709,0.0601605629646499,0.8486316775285785,0.18861268799655126,1.0933841531682456,2.604659473754321,1.2895694947220049
1858,0.06589713923555479,0.05577076439275353,0.821528513145315,0.18631903190726923,0.9983556863531245,2.8126841043556623,1.462169163305542
1859,0.06733425379707784,0.05176697256837144,0.820066826520357,0.1938343913768495,1.0160846322560027,2.510269569628993,1.4538296714667078
1860,0.06402961332757315,0.05977453767939199,0.893898433654325,0.16298314334085232,1.0603528793661023,2.7738619001211973,1.4094935408993579
1861,0.06622331961923525,0.05490825365045567,0.834981194602111,0.1708353749335947,1.1678585558031578,2.714533630924867,1.388962237291798
1862,0.06612876529720298,0.0534846614671004,0.8915966268699733,0.19524370905598637,1.138398251087874,2.3719082332944943,1.4070559347608722
1863,0.0682325172028245,0.050002539704642766,0.8157496729586781,0.18197333881462244,1.0386599790901876,2.475434563093952,1.3109765693430913
1864,0.0652320903658155,0.05402352242388353,0.9563973018086045,0.17939229157019798,1.0952086486388746,2.3830952396173872,1.2958725358778957
1865,0.06543998051394023,0.05747254658573027,0.8294464272260805,0.17797732565606883,1.005737442459149,2.84788942281323,1.4202050596430769
1866,0.06640842133279812,0.049927845932508014,0.8916474310603306,0.16373377075204346,1.0168913552418244,2.6197103490350666,1.4586211445445632
1867,0.06536358585838195,0.05729504619138543,0.8511873800842704,0.1946631271977431,1.080551331601956,2.688015210084894,1.4252789889647475
1868,0.06589321325941652,0.05192805568133128,0.8787786169060577,0.17348495864378793,1.1075017605500928,2.775073675420799,1.4631640539812834
1869,0.06393742515391918,0.05444255222151782,0.97893697171609,0.18897191617743306,1.0710531419406748,2.7809375363246045,1.3642187306820097
1870,0.06398022650854115,0.057932443013459234,0.9605723819005249,0.16232246144029505,1.13034532830599,2.3499997969511264,1.4376980605678213
1871,0.06464950369040424,0.056694931520527445,0.958552838544261,0.18091724882582375,1.0245502485198887,2.4200767908899516,1.2522349152030756
1872,0.0638852418680777,0.05954688674433706,0.9443082403151826,0.1919121966343129,1.0731923710258622,2.6117078064975163,1.2643300679085103
1873,0.06653801759285588,0.05520825831662193,0.8413917874782728,0.1782058838963415,1.1513726879524964,2.419963489425584,1.386743447331452
1874,0.06380320437410514,0.05911784344324248,0.9460224828429388,0.19373725154284885,1.090050773816055,2.7520216346166957,1.2325489332185104
1875,0.06535641820546456,0.056187304969843116,0.8671784946248946,0.18014097640295734,0.997320653917607,2.8339873790715084,1.3351153846275503
1876,0.06463796718529219,0.05783369210966097,0.9248222623253554,0.1701316345530509,1.0889359720937037,2.63147641451669,1.2362773726856897
1877,0.06451870223145417,0.05653573637421377,0.9291083167254218,0.1878657085491239,1.0858561036945,2.529385002235374,1.4305373379155042
1878,0.06556844713030649,0.05448547422024766,0.9056796017761362,0.17309893664799483,1.0034968789478984,2.584558896582679,1.3188073961971523
1879,0.06597132026123946,0.04982444245384777,0.9660371747566674,0.17860482979622302,1.1713263807715617,2.403756879594161,1.300760115072472
1880,0.0650638766829075,0.05950855126326984,0.8520772683087761,0.1896071143476729,1.1369927226174676,2.5622479863172103,1.4231298231381264
1881,0.06763741476642005,0.04981805470209876,0.836242023956447,0.1654916639824355,1.0562811895509505,2.631709702757188,1.33185995531354
1882,0.06580019036805539,0.05837336740468125,0.8417383305278728,0.1875641865912477,1.1387545636918677,2.566652888607555,1.299155435598863
1883,0.06661719881071658,0.056388928617636884,0.8196553500128378,0.19102442568406125,1.0333580033984593,2.3485047680870292,1.4348118770113816
1884,0.06416712605145476,0.05532652453594897,0.9738633751325136,0.19084507167995404,1.1362678596288303,2.459466471043855,1.4337326913916943
1885,0.06711786684959326,0.05463816252025481,0.8409651169606748,0.17758654009701844,1.0014725215031368,2.3437193332069586,1.2650957817799158
1886,0.06482052911606533,0.05981330425232284,0.8654596550188255,0.1695449534336788,1.0831165276940906,2.6594318459740274,1.3493386290467864
1887,0.06802153500316771,0.04971262476299152,0.8369722174794065,0.18978604999269844,1.1013008416171168,2.5007312805913395,1.2655671597495484
1888,0.06487871645677576,0.0598802220911893,0.8332278273561213,0.1679067563817063,1.1862068889963862,2.793761617179047,1.4378134666438298
1889,0.066689485366782,0.0515438709515292,0.8798753694484875,0.17149052295691988,1.1836107747281042,2.6719841234646524,1.2451683597556853
1890,0.06665118152426538,0.05320920043267266,0.8191555333389944,0.17852875104028074,1.0669606249883916,2.7929323325403597,1.4212550137690776
1891,0.06415430906852956,0.055019665340590246,0.9793793494609726,0.1916551647241959,1.0987697212678786,2.748722811376392,1.2462174602052094
1892,0.06568433844277646,0.054745066335450294,0.9196383923475241,0.19561590494171466,1.082093204139294,2.4636845457437015,1.234890646689015
1893,0.06641630856589245,0.0549821757016617,0.8667220033221362,0.1756826517003348,1.139522887767592,2.373766345499134,1.3241340173117135
1894,0.065311887650744,0.053817570701561075,0.9086469753080588,0.17923272371534804,1.0943997739923674,2.825392240928456,1.3020016289612726
1895,0.06473980824077832,0.05267939673270649,0.9865261137187407,0.18323110514456453,0.9947438866223465,2.6163427175229295,1.2661203029192714
1896,0.06633812743497226,0.050242830328082334,0.9137054959348078,0.18951765546113036,1.104030390571097,2.644770961898979,1.2965588688827343
1897,0.06517682093709104,0.057796801869035866,0.879502030753613,0.17860195611714846,1.0842529401966765,2.7010978149333598,1.270068240973168
1898,0.0634660932814945,0.05789518438650611,0.9656730871800148,0.18309635766567484,1.1062644545970883,2.7593378908848347,1.343707866592688
1899,0.06467180633413691,0.05727275991683935,0.9339422523768587,0.1968528143059228,1.036792188662957,2.3811146857435004,1.369914430606768
1900,0.06431651271880844,0.057542158311776496,0.9535231299805631,0.17736927602963912,1.1089547949402523,2.3698584698448593,1.3706096761978204
1901,0.06645024392721244,0.053167334637376884,0.8601485066433409,0.184158594044813,1.0444430552600468,2.7408267320939403,1.2762983936565078
1902,0.06509439535440173,0.05739076953982695,0.8724207098474638,0.18160257252947806,1.0037847033777996,2.5584183233798954,1.4739042686741615
1903,0.06536177095743925,0.05962206773474821,0.8855134192884224,0.17653290855705225,1.1561364038137207,2.342198289212604,1.2297588691543317
1904,0.06452554924734899,0.057373173770292954,0.9479568906165108,0.18057024973667188,1.071820961202216,2.3789461493148525,1.3334755624794854
1905,0.06512454138857716,0.0573285058075321,0.9209279251645893,0.18963648596401228,1.0453611491560804,2.43307720426776,1.2395895272297703
1906,0.06402578786255801,0.05382638505044865,0.9859188546555966,0.16233889184356046,1.074285035150022,2.6134363993389016,1.4520119589152571
1907,0.0657112264413777,0.05215256619969611,0.9506404446509706,0.18994737749077176,1.0600210481473733,2.465794726184539,1.255226562321275
1908,0.06648153031899603,0.05170663086849807,0.877359759588488,0.17992439828494586,1.2070343874146605,2.572815159082154,1.3887072324714993
1909,0.06594618232544454,0.05607257250065438,0.8353778637003102,0.1794833138678947,1.0570376662884267,2.8022290122229383,1.3362306780564703
1910,0.06663160037238583,0.055562816975614146,0.853926042500778,0.16842542571816507,1.1895681733159336,2.3428681743326565,1.2910727795984012
1911,0.06533152334328601,0.05730906861766573,0.8684484965880398,0.19430926925671876,1.0983880477623975,2.5225020068362554,1.4330387303412282
1912,0.06408438696016681,0.053746701023093736,0.9873236467114634,0.1664609981228747,1.2060770290338045,2.7244538602752035,1.3538081179937869
1913,0.0654275887244599,0.059636006986455437,0.8537473965798853,0.18507363134436927,1.020929719048698,2.5074873542478735,1.2977525960352272
1914,0.06661401746157453,0.051222926049458925,0.864513425266689,0.17324444109615536,1.1489496451313448,2.7376576904712904,1.357729441788984
1915,0.06571178593832074,0.05814122474009556,0.8741300434122359,0.18913130111858306,1.1857656054779655,2.4217691548358755,1.2413106157383615
1916,0.06499494349520457,0.059504618837229614,0.8495524897041375,0.16871408870743226,1.2023690775653288,2.7442046200276367,1.353380725336794
1917,0.06663404494358882,0.05215024716693056,0.868240204962586,0.17472750920506125,1.0251312837212063,2.754832469774925,1.236087064559386
1918,0.0642048556750249,0.058079593863934804,0.9279081362232992,0.16769073919113117,0.9923795233009688,2.4545810011165416,1.4779704023831943
1919,0.06530808133287411,0.05236918599389236,0.947105924095818,0.16990764049473,1.012527546842024,2.58374209506249,1.3443293391481848
1920,0.06446424517505331,0.05340993182940993,0.9554594089493924,0.18352908849186092,1.0712204654568502,2.8178768154449814,1.3757147922031558
1921,0.06481727346298234,0.05275381884250531,0.9814777871270994,0.19096405238012837,1.1533808566522818,2.5255003644063967,1.3155566063635074
1922,0.06619673419416985,0.051061248714910946,0.9007230541084512,0.19779149389758516,1.0691460890705369,2.6111740722525916,1.38221924188445
1923,0.06463928884332881,0.052384017707347734,0.9620577905327691,0.1732929058945786,0.9916285352822145,2.648190415911434,1.467374579131208
1924,0.06401819932305156,0.0600837773387628,0.9379713764526691,0.1704988048016268,1.098423173844806,2.5609179402699276,1.2422295038592148
1925,0.06456400693379147,0.05546485440531547,0.9446088153444272,0.18182720076501396,1.1070059282670222,2.504352834016231,1.4255926050170347
1926,0.06573014853909323,0.056334558924034106,0.872715037878837,0.17059377236579482,1.0811526726431908,2.4039818041950345,1.4169346681639858
1927,0.06357155769876525,0.058304561575199865,0.9661490571090215,0.16230744657895138,1.1933369645275713,2.4335177708957625,1.4747228074642154
1928,0.0661073529217848,0.05574616098194499,0.8379602626942565,0.16679245594492276,1.067216414662839,2.517470107612264,1.469822679115391
1929,0.06497738104359493,0.0563762357589276,0.8795224504522986,0.19721924819750286,1.097410012756996,2.8479337301329064,1.3737645249744728
1930,0.06771494366274858,0.05177594724071232,0.8354638413716678,0.18279469428913403,1.2035974576250794,2.496239705647648,1.2166185460860475
1931,0.06668495633059641,0.050131140596031715,0.912248552053403,0.18155103263957956,1.1161657428389962,2.570449149873903,1.229776102268527
1932,0.06521595771936761,0.057747140983281646,0.8651474391061688,0.1939138971243894,1.0401489433359428,2.6390045099346637,1.3869283258317737
1933,0.0657990421452927,0.0587172883829769,0.8211263569374155,0.1867310414346674,1.0492873782069805,2.6984325395612037,1.3169076393097785
1934,0.0646183862751772,0.05436190488786848,0.9802263242571547,0.16417616403462773,1.0694484048597253,2.545227360999447,1.2541125652598413
1935,0.06373145251659258,0.05664572085446124,0.9800870585457968,0.17046779915751487,1.010872140835334,2.468502997724057,1.4482067705801025
1936,0.0659675567169139,0.05575370415717281,0.8374531587427554,0.1699977041762422,1.047191259071447,2.7831417473851463,1.3571000771867694
1937,0.06517736392041434,0.0601631147430626,0.8102972110283485,0.19414623758042582,1.0035151339216928,2.801946578358314,1.4337705347379515
1938,0.06604757347832008,0.056277347169336286,0.8353625301672825,0.18303078342076814,1.202361875258573,2.5409419924097523,1.442951798159592
1939,0.06517600452788815,0.05170437968142365,0.9198266334048812,0.18667894593826204,1.196132502709968,2.8073903075906004,1.4775113161893154
1940,0.06614174504306673,0.05475288203453232,0.8696229928436637,0.19202735312809044,1.0282533556828135,2.552143244500253,1.3168380990958117
1941,0.06588953865291558,0.05337720620688946,0.8824841222020118,0.18601088980657987,0.9951328798445144,2.749957125167965,1.3292684841819005
1942,0.06555828391753797,0.05630975100876818,0.8480240168634033,0.17220292020065672,1.1529122063706365,2.7926650581041175,1.3926477679643368
1943,0.06769381581828421,0.051696719358170974,0.8147498893182631,0.1886280444611399,1.126858526049012,2.375863808435518,1.4392105794491488
1944,0.06538707516324976,0.05629204142140513,0.8846627246291009,0.17902351042038595,1.2038933744483078,2.732947658389014,1.2651476798918562
1945,0.06374513198300095,0.05742036616858072,0.9820738473435846,0.1789375522840863,1.0209057595724043,2.403381686341537,1.402441249950693
1946,0.06535898037888865,0.050760573587328356,0.9765638224565703,0.16601154039599253,1.1504375056946086,2.438258110007016,1.3705517411509656
1947,0.06473554750619612,0.06027384906952476,0.8484321041513544,0.16429954632630395,1.056856719407568,2.6731665815560106,1.442412872960611
1948,0.0652378332944153,0.051342233190682755,0.9528498014526467,0.17483207334455855,1.1487267774461931,2.6984098399305085,1.349014051891631
1949,0.06699270047473677,0.05262488257240105,0.8244596128385558,0.17007593748834007,1.064634740776967,2.6083817573237265,1.4253294831771688
1950,0.065932393135746,0.051449459427521556,0.9179747851189624,0.1866311947650824,1.0482394670104775,2.660197495189563,1.3134198843105236
1951,0.06380487621095582,0.06033604722595881,0.9320968324503364,0.17284930149644775,1.0156504673958868,2.748404906042167,1.221243309334701
1952,0.06504872815625715,0.05251420686723933,0.9880172298383678,0.16563942673744714,1.0025446066378525,2.3744254352325402,1.3086341896999856
1953,0.06441594111237456,0.05263116026332629,0.9691098467138165,0.16654392388491376,1.0824406579931949,2.7665967012267725,1.4126986342817303
1954,0.06577556501573067,0.0523666944483466,0.920027701860597,0.18661909093541673,1.1281817408661041,2.4928500423511637,1.386980253203985
1955,0.0662617367497599,0.05596748383757261,0.8435702592808387,0.19163728081522097,1.0269691521214546,2.5533268556078865,1.327881096679838
1956,0.06576377955506019,0.05875159387970684,0.8277678697571332,0.18187451440987165,1.0131705441423848,2.594871855811874,1.353314202632061
1957,0.06592952234834014,0.05642700734697114,0.8549232038351758,0.19251934193531128,1.0016265731711365,2.616966065953402,1.3046279596370072
1958,0.06565366584590374,0.060363699017145805,0.8191110648934089,0.1685697824639824,1.0155330131160174,2.611329399320241,1.3020174279031955
1959,0.06456644014075537,0.05427041104685887,0.9497204722463191,0.17534262472725554,1.0849429981692684,2.817969496951864,1.2983795569322156
1960,0.06763137881139693,0.05192743914571997,0.8130381611201467,0.19101909938062187,1.1065077632776792,2.717211290324911,1.2354947758903978
1961,0.06268886445893995,0.06002425606417727,0.9850641246936732,0.18157886736186657,1.1056506891920301,2.8038012066154567,1.3091052471595925
1962,0.06326374652929302,0.059287386024262326,0.9384230377470326,0.18163493474280223,1.00554042835506,2.824656092352843,1.4331011869780812
1963,0.06600582407424885,0.0530159089718929,0.9156121416210696,0.18375213382801442,1.085872597735817,2.5556532381672765,1.2298487044364783
1964,0.06603102699344615,0.05353226146147787,0.8836092193220192,0.16846719024821205,1.1968159170016255,2.4936715163197136,1.4177562157507033
1965,0.0643416210199291,0.0551712977068734,0.9383662516842732,0.1700440777830276,1.1522983209462798,2.72116373788307,1.4406092548730325
1966,0.06542932605970309,0.05980431049863526,0.8637860296145793,0.1968728492391025,1.1704419585764418,2.349913693240764,1.3155808529969948
1967,0.06628585583550112,0.05208703324325543,0.9115472328335302,0.18995818015902985,1.089388395324872,2.35568586480941,1.3543055503621277
1968,0.06509869170268814,0.058451208796663275,0.8628855812714953,0.18401044342200812,1.0530221922107517,2.56285803578995,1.4356780767371269
1969,0.06315787867722936,0.05696864507980635,0.9685343786364358,0.1806714104619001,1.0860724187781576,2.849366923596036,1.4701988113528057
1970,0.0663342516952768,0.04972600760498571,0.9267279633297286,0.17048776678281014,1.0272754487227542,2.3879250181896956,1.4299103267810644
1971,0.06621032908500053,0.05651937668220461,0.8102848493792184,0.1750856121553791,1.1109028216876524,2.8369767849829044,1.3308981382775789
1972,0.06428809583587283,0.0520197612938159,0.9742436426111563,0.1904283073714194,1.0949816751135761,2.786344359063841,1.4657145794748077
1973,0.06721121824062895,0.05306855083835321,0.8350195762147123,0.1808685863492,1.1444431446671957,2.539919451744746,1.2753723149467289
1974,0.06543730047803104,0.054373112013732995,0.9128385614465618,0.16617111894732242,1.1836674599332182,2.554259437876132,1.3525160609220674
1975,0.06556142666054046,0.058813719275122786,0.8319465077251813,0.16979163041724468,1.142466348674067,2.5428263202652586,1.4339108402863727
1976,0.0672398897145722,0.05057555833453456,0.852611045668656,0.16581198098265745,1.1644682154352743,2.4342281531045256,1.4412756423080841
1977,0.06684815355787557,0.0547406156447897,0.8263968582278052,0.18909050697250654,1.2080036615828365,2.381609588261091,1.4235042935164999
1978,0.06477840824405083,0.05885265836933126,0.8751126062555546,0.16240486935764262,1.1565588688198734,2.7457639050275264,1.3341407423164193
1979,0.0656722654688109,0.054588529646196204,0.8988202925156684,0.16261057005778912,1.0878194651112154,2.6078459054100644,1.2988122452605089
1980,0.0645790097662236,0.058743018131147184,0.8977398575735964,0.18652428338282517,1.140210631675923,2.8115571039210137,1.2314306580751142
1981,0.06343907695244747,0.05946718707622249,0.9661680809632205,0.16305019643561275,1.1142307760433274,2.461446898614881,1.4075637761074664
1982,0.0651231830607871,0.055202819677855064,0.8983408155422882,0.17152085846197995,1.2042124136675978,2.762362706338843,1.3594182248343485
1983,0.06588347594537505,0.05634181813771289,0.8673911921494319,0.1971978624912361,1.192325515910018,2.441891145795241,1.359652483512732
1984,0.0630254225499986,0.059751348515929496,0.9706410272413045,0.1928771751890687,1.1628556216973662,2.7321154681797015,1.335741277001769
1985,0.06660871525432707,0.049763188343005006,0.908343777876211,0.19747462691072398,1.0298943036219343,2.666049614462305,1.252983219606367
1986,0.06626373514757164,0.057668371045894104,0.8125858462574543,0.1910688922414227,1.1490261339822863,2.3921867645649044,1.4754005604256484
1987,0.06570654399452704,0.059319558697336724,0.8217540899724531,0.1736128631880322,1.07394205256561,2.7749754713331996,1.2498508525470013
1988,0.06645620302917249,0.05479959705547089,0.8518839057609084,0.18548370482076165,1.151806112800811,2.548666239135687,1.3044040811709043
1989,0.0657371182364308,0.05770854803164698,0.8247496774215256,0.1694630990123263,1.02313258169214,2.6903337412142974,1.4155067130907781
1990,0.06611591511803508,0.05214964868325863,0.8745038935735061,0.19136596528374739,1.1021719923824966,2.787062430676788,1.3725536610950126
1991,0.06388428934044779,0.05958136795175252,0.9210696404277188,0.19550848401155643,1.079193081638168,2.656207942262996,1.379083003819744
1992,0.06529069440429122,0.05508518402364421,0.9041797444589441,0.19393369129109644,1.0107577521533375,2.5590919634735743,1.3957181114728943
1993,0.06762236114963266,0.053294592251892654,0.8150885195170394,0.1857822725704673,1.0317170000322995,2.3700377106420745,1.3307741625033547
1994,0.06563495723936438,0.05671497642588737,0.8845207218701715,0.16442382531317165,1.1903391771950698,2.348271791201095,1.3814220862889373
1995,0.06520734643805509,0.05312880517119061,0.9050339265559302,0.16431325895718976,1.003606912548901,2.7471587862160387,1.4803054812106398
1996,0.06727650852420528,0.051094115459451174,0.8103937311991335,0.18131336996887487,1.0845768902797088,2.818229169994538,1.4010782733560956
1997,0.06810086952443672,0.04968952992459678,0.829740529993962,0.1937750873820073,1.0223374029646901,2.5950136757280977,1.2226383331478883
1998,0.06616339317260263,0.05261489710441419,0.8834237386266411,0.1931829508721454,1.0304960845185958,2.6865113126329163,1.3219788357565012
1999,0.06693939161174639,0.050366081624436454,0.8793314192795755,0.18059615794156308,1.156616420506281,2.4501114509599384,1.3946843857409212
